year,number,song,artist,semanas
2009,1,Colgando en tus manos,Carlos Baute/Marta Sanchez,"71 Semanas en lista
9x"
2009,2,Infinity 2008 (Klaas Vocal Mix),Guru Josh Project,"58 Semanas en lista
3x"
2009,3,I know you want me (calle ocho),Pitbull,"31 Semanas en lista
3x"
2009,4,MOVING,MACACO,"44 Semanas en lista
3x"
2009,5,I Gotta Feeling,The Black Eyed Peas,"27 Semanas en lista
2x"
2009,6,This Is The Life,Amy Macdonald,"49 Semanas en lista
2x"
2009,7,Loba,SHAKIRA,"26 Semanas en lista
2x"
2009,8,Que Nadie (E-Single),Manuel Carrasco | Malu,"17 Semanas en lista
2x"
2009,9,Halo,Beyoncé,"37 Semanas en lista
2x"
2009,10,Viva La Vida,COLDPLAY,"85 Semanas en lista
2x"
2009,11,Esclavo de Sus Besos,David Bisbal,"19 Semanas en lista
2x"
2009,12,The boy does nothing,Alesha Dixon,"31 Semanas en lista
2x"
2009,13,Poker Face,LADY GAGA,"32 Semanas en lista
1x"
2009,14,RECUERDAME CON MARC ANTHONY,LA QUINTA ESTACION,"31 Semanas en lista
1x"
2009,15,HOT,Inna,"23 Semanas en lista
1x"
2009,16,Tenia tanto que darte,Nena Daconte,"41 Semanas en lista
1x"
2009,17,Looking for Paradise,Alejandro Sanz,"16 Semanas en lista
1x"
2009,18,Verano Azul,Magan Presents,"27 Semanas en lista
1x"
2009,19,QUIERO SER,AMAIA MONTERO,"35 Semanas en lista
1x"
2009,20,When Love Takes Over (feat Kelly Rowland),David Guetta,"30 Semanas en lista
1x"
2009,21,Just Dance,LADY GAGA,"34 Semanas en lista
1x"
2009,22,QUE TE QUERIA,LA QUINTA ESTACION,"27 Semanas en lista
1x"
2009,23,Kalemba (Wegue - Wegue),Buraka Som Sistema,"14 Semanas en lista
1x"
2009,24,Thriller,Michael Jackson,"72 Semanas en lista
1x"
2009,25,Peter Pan,El Canto Del Loco,"49 Semanas en lista
1x"
2009,26,Summercat,Billie the vision & the dancers,"20 Semanas en lista
1x"
2009,27,Ayo Technology,Milow,"16 Semanas en lista
1x"
2009,28,El Regalo Más Grande,Tiziano Ferro y Amaia Montero,"38 Semanas en lista
1x"
2009,29,Antes de que cuente diez,Fito y Fitipaldis,"20 Semanas en lista
1x"
2009,30,Beggin,Madcon,"27 Semanas en lista
1x"
2009,31,If I Were a Boy,Beyoncé,"35 Semanas en lista
1x"
2009,32,Capricho de mujer,Niña Pastori,"15 Semanas en lista
1x"
2009,33,Causa y Efecto,Paulina Rubio,"25 Semanas en lista
1x"
2009,34,Human,The Killers,"53 Semanas en lista
1x"
2009,35,Hot N Cold,Katy Perry,"47 Semanas en lista
1x"
2009,36,No Me Doy Por Vencido,Luis Fonsi,"47 Semanas en lista
1x"
2009,37,I´m yours,Jason Mraz,"32 Semanas en lista
1x"
2009,38,Single Ladies (Put a Ring on It),Beyoncé,"40 Semanas en lista
1x"
2009,39,Aquí Estoy Yo,"Luis Fonsi, Aleks Syntek, Noel Schajris, David Bisbal","30 Semanas en lista
1x"
2009,40,Psicofonía,Gloria Trevi,"35 Semanas en lista
1x"
2009,41,Si No estas,El Sueño de Morfeo,"23 Semanas en lista
1x"
2009,42,Broken Strings (feat Nelly Furtado),James Morrison,"29 Semanas en lista
1x"
2009,43,Manos al Aire,Nelly Furtado,"22 Semanas en lista
1x"
2009,44,"Q, TAL",FONDO FLAMENCO,"27 Semanas en lista
1x"
2009,45,CRONICAS DE UNA LOCA,EL BARRIO,"11 Semanas en lista
1x"
2009,46,Disturbia,Rihanna,"37 Semanas en lista
1x"
2009,47,Virtual Diva,Don Omar,"25 Semanas en lista
1x"
2009,48,Se Acabarón Las Lagrimas ( & Hanna),Huecco,"24 Semanas en lista
1x"
2009,49,Un Violinista en tu Tejado,Melendi,"34 Semanas en lista
1x"
2009,50,Loca,La Hungara,"21 Semanas en lista
1x"
2010,1,WAKA WAKA ( Esto es Africa ),Shakira featuring Freshlyground,"34 Semanas en lista
5x"
2010,2,El run run (con Rosario),Estopa,"49 Semanas en lista
3x"
2010,3,WE NO SPEAK AMERICANO,YOLANDA BE COOL / DCUP,"35 Semanas en lista
3x"
2010,4,Sick of love,Robert Ramirez,"42 Semanas en lista
2x"
2010,5,Stereo Love Molella Rmx Radio Edit,Edward Maya & Vika Jigulina,"44 Semanas en lista
2x"
2010,6,Bad Romance,LADY GAGA,"54 Semanas en lista
2x"
2010,7,Loca (feat El Cata),Shakira / El Cata,"15 Semanas en lista
1x"
2010,8,ALEJANDRO,LADY GAGA,"30 Semanas en lista
1x"
2010,9,Gypsy,SHAKIRA,"38 Semanas en lista
1x"
2010,10,Mi Princesa,David Bisbal,"39 Semanas en lista
1x"
2010,11,Love The Way You Lie (feat Rihanna),Eminem,"21 Semanas en lista
1x"
2010,12,Sexy bitch,David Guetta/Akon,"63 Semanas en lista
1x"
2010,13,Tik Tok,KE$HA,"36 Semanas en lista
1x"
2010,14,Abrazame muy fuerte,Bustamante,"30 Semanas en lista
1x"
2010,15,Ni rosas ni juguetes,Paulina Rubio,"40 Semanas en lista
1x"
2010,16,"Ay, Haití!",B.S.O.,"18 Semanas en lista
1x"
2010,17,Wavin` Flag,K`naan feat. David Bisbal,"20 Semanas en lista
1x"
2010,18,Meet Me Halfway,The Black Eyed Peas,"38 Semanas en lista
1x"
2010,19,I Like How It Feels,Enrique Iglesias feat Pitbull,"31 Semanas en lista
1x"
2010,20,Telephone,Lady Gaga / Beyonce,"38 Semanas en lista
1x"
2010,21,Que Nadie (E-Single),Manuel Carrasco | Malu,"40 Semanas en lista
1x"
2010,22,Que yo no quiero problemas (con Chenoa),David DeMaria,"51 Semanas en lista
1x"
2010,23,Desde Cuando,Alejandro Sanz,"28 Semanas en lista
1x"
2010,24,Cuando Me Enamoro (Juan Luis Guerra),Enrique Iglesias,"32 Semanas en lista
1x"
2010,25,Club can´t handle me (feat David Guetta),Flo Rida,"23 Semanas en lista
1x"
2010,26,Only Girl (In The World),Rihanna,"15 Semanas en lista
1x"
2010,27,I Gotta Feeling,The Black Eyed Peas,"66 Semanas en lista
1x"
2010,28,Tema de Bob Esponja pantalones cuadrados,BOB ESPONJA,"38 Semanas en lista
1x"
2010,29,Cry Cry,Oceana,"23 Semanas en lista
1x"
2010,30,Quiero Aprender de Ti,El Canto Del Loco,"28 Semanas en lista
1x"
2010,31,16 Añitos,Dani Martín,"19 Semanas en lista
1x"
2010,32,ME ENAMORE DE TI,CHAYANNE,"34 Semanas en lista
1x"
2010,33,Russian Roulette,Rihanna,"27 Semanas en lista
1x"
2010,34,El alma en pie,Decai,"23 Semanas en lista
1x"
2010,35,Chiquitita - Accion Unicef,AMAIA MONTERO,"6 Semanas en lista
1x"
2010,36,Gettin Over You (Chris Willis feat Fergie),David Guetta,"26 Semanas en lista
1x"
2010,37,Blanco y negro,Malú,"17 Semanas en lista
1x"
2010,38,Memories,David Guetta / Kid Cudi,36 Semanas en lista
2010,39,CRONICAS DE UNA LOCA,EL BARRIO,29 Semanas en lista
2010,40,Alors On Danse,Stromae,24 Semanas en lista
2010,41,Kalemba (Wegue - Wegue),Buraka Som Sistema,23 Semanas en lista
2010,42,All The Lovers,Kylie Minogue,22 Semanas en lista
2010,43,NO PUEDO VIVIR SIN TI,Coque Malla,25 Semanas en lista
2010,44,Quien te quiere como yo,Carlos Baute,12 Semanas en lista
2010,45,Loba,SHAKIRA,49 Semanas en lista
2010,46,Fight For This Love,Cheryl Cole,17 Semanas en lista
2010,47,The Time (Dirty Bit),The Black Eyed Peas,8 Semanas en lista
2010,48,If We Ever Meet Again (feat Katy Perry),Timbaland,24 Semanas en lista
2010,49,Sweet Dreams,Beyoncé,20 Semanas en lista
2010,50,Mientes,Camila,22 Semanas en lista
2011,1,On The Floor,Jennifer Lopez feat Pitbull,"45 Semanas en lista
3x"
2011,2,Danza Kuduro,DON OMAR / LUCENZO,"66 Semanas en lista
2x"
2011,3,Solamente Tu,Pablo Alborán,"53 Semanas en lista
1x"
2011,4,Rabiosa feat Pitbull,SHAKIRA,"34 Semanas en lista
1x"
2011,5,"Give Me Everything (feat Ne-Yo, Afrojack & Nayer)","Pitbull feat. Ne-Yo, Afrojack & Nayer","35 Semanas en lista
1x"
2011,6,Bailando Por Ahí (feat Crossfire),Juan Magan,"32 Semanas en lista
1x"
2011,7,Blanco y negro,Malú,"64 Semanas en lista
1x"
2011,8,Rain Over Me (feat Marc Anthony),Pitbull / Marc Anthony,"24 Semanas en lista
1x"
2011,9,Ai Se Eu Te Pego,Michel Telo,"6 Semanas en lista
1x"
2011,10,Loca (feat El Cata),Shakira / El Cata,"48 Semanas en lista
2x"
2011,11,Tonight (I´m loving you) (feat. Ludacris/ Dj Frank E,Enrique Iglesias,"31 Semanas en lista
1x"
2011,12,Mr. Saxo beat,Alexandra Stan,"46 Semanas en lista
1x"
2011,13,Quien te quiere como yo,Carlos Baute,"46 Semanas en lista
1x"
2011,14,The Time (Dirty Bit),The Black Eyed Peas,"38 Semanas en lista
1x"
2011,15,Lead the way,Carlos Jean,"38 Semanas en lista
1x"
2011,16,Born This Way,LADY GAGA,"22 Semanas en lista
1x"
2011,17,Cuando Te Beso,Niña Pastori,"29 Semanas en lista
1x"
2011,18,Rolling in the Deep,Adele,"46 Semanas en lista
1x"
2011,19,Perdoname con Carminho,Pablo Alborán,"13 Semanas en lista
1x"
2011,20,Only Girl (In The World),Rihanna,"48 Semanas en lista
1x"
2011,21,Moves Like Jagger (Christina Aguilera),Maroon 5 feat Christina Aguilera,"18 Semanas en lista
1x"
2011,22,S&M,Rihanna,"31 Semanas en lista
1x"
2011,23,Party Rock Anthem,LMFAO feat Lauren Bennett & GoonRock,"35 Semanas en lista
1x"
2011,24,Vencer al amor,India Martinez,"18 Semanas en lista
1x"
2011,25,We found love (feat Calvin Harris),Rihanna feat Calvin Harris,"15 Semanas en lista
1x"
2011,26,Who`s that Chick,David Guetta & feat Rihanna,"32 Semanas en lista
1x"
2011,27,Where Them Girls At,David Guetta&Florida & Nicki Minaj,"29 Semanas en lista
1x"
2011,28,Judas,LADY GAGA,"24 Semanas en lista
1x"
2011,29,Tu,Sergio Dalma,"27 Semanas en lista
1x"
2011,30,WAKA WAKA ( Esto es Africa ),Shakira featuring Freshlyground,"70 Semanas en lista
6x"
2011,31,Aqui sigo yo,Andy & Lucas,"28 Semanas en lista
1x"
2011,32,Firework,Katy Perry,30 Semanas en lista
2011,33,Barbra Streisand,Duck Sauce,"30 Semanas en lista
1x"
2011,34,Cuatro elementos,La Musicalite,"26 Semanas en lista
1x"
2011,35,Hold my hand,Michael Jackson,"25 Semanas en lista
1x"
2011,36,"Macu, Macu, Lore, Lore",LORE / MACU,19 Semanas en lista
2011,37,Till the World Ends,Britney Spears,28 Semanas en lista
2011,38,Sale El Sol,SHAKIRA,"25 Semanas en lista
1x"
2011,39,Someone like you,Adele,18 Semanas en lista
2011,40,Every Teardrop is a Waterfall,COLDPLAY,20 Semanas en lista
2011,41,Love The Way You Lie (feat Rihanna),Eminem,"41 Semanas en lista
1x"
2011,42,La Niña Que Llora En Tus Fiestas,La Oreja De Van Gogh,23 Semanas en lista
2011,43,Paradise,COLDPLAY,16 Semanas en lista
2011,44,Cuando Me Enamoro (Juan Luis Guerra),Enrique Iglesias,"51 Semanas en lista
1x"
2011,45,Price Tag,Jessie J / B.O.B.,32 Semanas en lista
2011,46,Lluvia al corazon,MANA,24 Semanas en lista
2011,47,Gimme the Base,CARLOS JEAN / M-AND-Y,31 Semanas en lista
2011,48,Dame vida,Huecco,21 Semanas en lista
2011,49,Got 2 luv U,Sean Paul featuring Alexis Jordan,15 Semanas en lista
2011,50,Sweat,Snoop Dogg / David Guetta,30 Semanas en lista
2012,1,Ai Se Eu Te Pego,Michel Telo,"46 Semanas en lista
4x"
2012,2,Yo Te Esperaré,Cali Y El Dandee,"46 Semanas en lista
2x"
2012,3,Rayos De Sol,Jose de Rico feat. Henry Mendez,"49 Semanas en lista
1x"
2012,4,Te He Echado de Menos,Pablo Alborán,"44 Semanas en lista
1x"
2012,5,Te Voy a Esperar,Juan Magan & Belinda,"21 Semanas en lista
1x"
2012,6,Somebody That I Used To Know (feat Kimbra),Gotye,"45 Semanas en lista
1x"
2012,7,Tacata,Tacabro,"34 Semanas en lista
1x"
2012,8,Perdoname con Carminho,Pablo Alborán,"62 Semanas en lista
1x"
2012,9,Euphoria,LOREEN,"32 Semanas en lista
1x"
2012,10,No Hay 2 Sin 3 (Gol),Cali y El Dandee feat. David Bisbal,"24 Semanas en lista
1x"
2012,11,Dance Again,Jennifer Lopez feat Pitbull,"37 Semanas en lista
1x"
2012,12,Someone like you,Adele,"67 Semanas en lista
1x"
2012,13,Gangnam Style,PSY,"16 Semanas en lista
1x"
2012,14,Boys Will Be Boys,Paulina Rubio,"28 Semanas en lista
1x"
2012,15,Tanto,Pablo Alborán,"16 Semanas en lista
1x"
2012,16,Call Me Maybe,Carly Rae Jepsen,"33 Semanas en lista
1x"
2012,17,No Sigue Modas,Juan Magan,"42 Semanas en lista
1x"
2012,18,Titanium,David Guetta / Sia,"53 Semanas en lista
1x"
2012,19,We found love (feat Calvin Harris),Rihanna feat Calvin Harris,"43 Semanas en lista
1x"
2012,20,No Me Compares,Alejandro Sanz,"26 Semanas en lista
1x"
2012,21,Sexy And I Know It,LMFAO,"45 Semanas en lista
1x"
2012,22,Se Vuelve Loca,Juan Magan,"25 Semanas en lista
1x"
2012,23,Bailando Por Ahí (feat Crossfire),Juan Magan,"68 Semanas en lista
1x"
2012,24,Me pones tierno,Rasel y Carlos Baute,"27 Semanas en lista
1x"
2012,25,Rolling in the Deep,Adele,"75 Semanas en lista
1x"
2012,26,International Love,Pitbull / Chris Brown,"33 Semanas en lista
1x"
2012,27,Give Me All Your Luvin` (feat Nicki Minaj & M.I.A.),Madonna feat Nicki Minaj & M.I.A.,18 Semanas en lista
2012,28,Balada (Tche Tcherere Tche Tche) - Tacabro Remix,Gusttavo Lima,30 Semanas en lista
2012,29,Solamente Tu,Pablo Alborán,"97 Semanas en lista
2x"
2012,30,We are young,Fun featuring Janelle Monae,33 Semanas en lista
2012,31,Diamonds,Rihanna,14 Semanas en lista
2012,32,Vencer al amor,India Martinez,"39 Semanas en lista
1x"
2012,33,Moves Like Jagger (Christina Aguilera),Maroon 5 feat Christina Aguilera,"39 Semanas en lista
1x"
2012,34,What Doesn`t Kill You (Stronger),Kelly Clarkson,27 Semanas en lista
2012,35,Quedate conmigo (Eurovisión),Pastora Soler,26 Semanas en lista
2012,36,Payphone (feat Wiz Khalifa),Maroon 5 feat Wiz Khalifa,27 Semanas en lista
2012,37,Whistle,Flo Rida,26 Semanas en lista
2012,38,Danza Kuduro,DON OMAR / LUCENZO,"97 Semanas en lista
2x"
2012,39,Rain Over Me (feat Marc Anthony),Pitbull / Marc Anthony,"42 Semanas en lista
1x"
2012,40,Drive By,Train,22 Semanas en lista
2012,41,Got 2 luv U,Sean Paul featuring Alexis Jordan,"35 Semanas en lista
1x"
2012,42,Set Fire to the Rain,Adele,38 Semanas en lista
2012,43,Noche De Estrellas,Jose De Rico & Henry Mendez feat. Jay Santos,24 Semanas en lista
2012,44,Estoy Hecho De Pedacitos De Ti,Antonio Orozco & Alejandro Fernandez,19 Semanas en lista
2012,45,Without you (feat Usher),David Guetta,36 Semanas en lista
2012,46,Te Pintaron Pajaritos,Yandar & Yostin Ft Andy Rivera,12 Semanas en lista
2012,47,Where have you been,Rihanna,23 Semanas en lista
2012,48,Addicted To You,SHAKIRA,23 Semanas en lista
2012,49,I WILL ALWAYS LOVE YOU,Whitney Houston,17 Semanas en lista
2012,50,She doesn`t mind,Sean Paul,21 Semanas en lista
2013,1,Cero,Dani Martín,"30 Semanas en lista
1x"
2013,2,Get Lucky (Daft Punk Remix),Daft Punk Feat Pharrell Williams,"34 Semanas en lista
1x"
2013,3,Te Pintaron Pajaritos,Yandar & Yostin Ft Andy Rivera,"50 Semanas en lista
1x"
2013,4,Blurred Lines (explicit),Robin Thicke feat T.I. & Pharrell,"30 Semanas en lista
1x"
2013,5,Wake Me Up (radio edit),Avicii,"26 Semanas en lista
1x"
2013,6,Let Her Go,Passenger,"38 Semanas en lista
1x"
2013,7,Gangnam Style,PSY,"46 Semanas en lista
1x"
2013,8,No Digas Nada (Déjà vu),Cali Y El Dandee,"35 Semanas en lista
1x"
2013,9,Scream & Shout,Will.i.am feat Britney Spears,"41 Semanas en lista
1x"
2013,10,Impossible,James Arthur,"42 Semanas en lista
1x"
2013,11,Vivir mi vida,Marc Anthony,"35 Semanas en lista
1x"
2013,12,Try,P!nk,"41 Semanas en lista
1x"
2013,13,Feel This Moment,Pitbull featuring Christina Aguilera,"33 Semanas en lista
1x"
2013,14,Locked Out Of heaven,Bruno Mars,"46 Semanas en lista
1x"
2013,15,Mal De Amores,Juan Magan,"32 Semanas en lista
1x"
2013,16,Diamonds,Rihanna,"47 Semanas en lista
1x"
2013,17,Quién,Pablo Alborán,"34 Semanas en lista
1x"
2013,18,Ho Hey,The Lumineers,"33 Semanas en lista
1x"
2013,19,Just Give me a Reason,P!nk,34 Semanas en lista
2013,20,Vuelvo a Verte,Malú con Pablo Alborán,"42 Semanas en lista
1x"
2013,21,Lágrimas desordenadas,Melendi,"45 Semanas en lista
1x"
2013,22,Stay,Rihanna feat Mikky Ekko,34 Semanas en lista
2013,23,Señorita,Abraham Mateo,36 Semanas en lista
2013,24,Mi Reina,Henry Mendez,34 Semanas en lista
2013,25,El Beso,Pablo Alborán,23 Semanas en lista
2013,26,Live Your Life,Mika,17 Semanas en lista
2013,27,Tanto,Pablo Alborán,"42 Semanas en lista
1x"
2013,28,I love it,ICONA POP,30 Semanas en lista
2013,29,Tu jardín con enanitos,Melendi,33 Semanas en lista
2013,30,Te Voy a Esperar,Juan Magan & Belinda,"43 Semanas en lista
1x"
2013,31,Thrift Shop,Macklemore/ Ryan Lewis/ Wanz,32 Semanas en lista
2013,32,More Than Friends,Inna Feat. Daddy Yankee,25 Semanas en lista
2013,33,Wrecking Ball,Miley Cyrus,17 Semanas en lista
2013,34,La La La,Naughty Boy feat Sam Smith,23 Semanas en lista
2013,35,SOLO TU,Paula Rojo,27 Semanas en lista
2013,36,Play Hard con Ne-yo y Akon,David Guetta,24 Semanas en lista
2013,37,Love Me Again (Kove Remix),John Newman,26 Semanas en lista
2013,38,A prueba de ti,Malú,17 Semanas en lista
2013,39,We Can`t Stop,Miley Cyrus,27 Semanas en lista
2013,40,El Pollito Pio,Pulcino Pio,23 Semanas en lista
2013,41,Can´t hold us,MACKLEMORE / RYAN LEWIS / RAY DALTON,33 Semanas en lista
2013,42,El Tiburón (The Shark),Henry Mendez,19 Semanas en lista
2013,43,Roar,Katy Perry,20 Semanas en lista
2013,44,Little Talks,Of Monsters and Men,31 Semanas en lista
2013,45,Te He Echado de Menos,Pablo Alborán,"65 Semanas en lista
1x"
2013,46,Applause,LADY GAGA,18 Semanas en lista
2013,47,Dont You Worry Child feat John Martin,Swedish House Mafia,34 Semanas en lista
2013,48,Hall of Fame,The Script feat. will.i.am,29 Semanas en lista
2013,49,Live It Up,Jennifer Lopez feat Pitbull,18 Semanas en lista
2013,50,Corre,Jesse & Joy,25 Semanas en lista
2014,1,Bailando,ENRIQUE IGLESIAS / DESCEMER BUENO / GENTE DE ZONA,"40 Semanas en lista
2x"
2014,2,Happy,Pharrell Williams,"53 Semanas en lista
1x"
2014,3,Diez Mil Maneras,David Bisbal,"28 Semanas en lista
1x"
2014,4,Changes,Faul & Wad Ad vs. Pnau,"35 Semanas en lista
1x"
2014,5,All Of Me,John Legend,"37 Semanas en lista
1x"
2014,6,Hey Brother,Avicii,"40 Semanas en lista
1x"
2014,7,La la la,SHAKIRA,26 Semanas en lista
2014,8,Loco,Enrique Iglesias feat Romeo Santos,"59 Semanas en lista
1x"
2014,9,Stolen Dance,Milky Chance,33 Semanas en lista
2014,10,Adrenalina,Wisin feat. Jennifer Lopez & Ricky Martin,31 Semanas en lista
2014,11,Prayer in C (Robin Schulz remix),"ROBIN SCHULZ, LILLY WOOD & THE PRICK",22 Semanas en lista
2014,12,All About That Bass,Meghan Trainor,17 Semanas en lista
2014,13,Chandelier,SIA,25 Semanas en lista
2014,14,Wings,BIRDY,26 Semanas en lista
2014,15,Waves,Mr. Probz,36 Semanas en lista
2014,16,A Sky Full of Stars,COLDPLAY,34 Semanas en lista
2014,17,Vivir mi vida,Marc Anthony,"73 Semanas en lista
1x"
2014,18,Rather Be (feat. Jess Glynne),Clean Bandit,28 Semanas en lista
2014,19,Timber,Pitbull feat. Ke$ha,40 Semanas en lista
2014,20,Can`t Remember To Forget You,Shakira feat. Rihanna,14 Semanas en lista
2014,21,Por fin,Pablo Alborán,15 Semanas en lista
2014,22,Love never felt so good (Feat Justin Timberlake),Michael Jackson,31 Semanas en lista
2014,23,Si no te quisiera,Juan Magan Feat. Belinda & Lapiz Conciente,16 Semanas en lista
2014,24,Paraíso,DVicio,23 Semanas en lista
2014,25,Hala Madrid... Y nada más,Real Madrid Feat. Redone,3 Semanas en lista
2014,26,Puppeteer,Auryn,21 Semanas en lista
2014,27,Summer,Calvin Harris,27 Semanas en lista
2014,28,Propuesta Indecente,ROMEO SANTOS,35 Semanas en lista
2014,29,Animals,Martin Garrix,33 Semanas en lista
2014,30,Story of My Life,One Direction,29 Semanas en lista
2014,31,Counting Stars,OneRepublic,29 Semanas en lista
2014,32,Dangerous feat. Sam Martin,David Guetta,12 Semanas en lista
2014,33,Jubel,Klingande,28 Semanas en lista
2014,34,Boig per tu,SHAKIRA,6 Semanas en lista
2014,35,Let Her Go,Passenger,"59 Semanas en lista
1x"
2014,36,Terriblemente Cruel,Leiva,22 Semanas en lista
2014,37,Rude,MAGIC!,21 Semanas en lista
2014,38,Lovers on the Sun,David Guetta,22 Semanas en lista
2014,39,We Are One (Ole Ola) [The Official 2014 FIFA World Cup Song],Pitbull feat. Jennifer Lopez & Claudia Leitte,18 Semanas en lista
2014,40,Shot Me Down feat Skylar Grey,David Guetta,27 Semanas en lista
2014,41,Dark Horse,Katy Perry,22 Semanas en lista
2014,42,Shake It Off,Taylor Swift,19 Semanas en lista
2014,43,Trumpets,JASON DERÜLO,21 Semanas en lista
2014,44,Cola Song (feat. J Balvin),Inna,19 Semanas en lista
2014,45,Wrecking Ball,Miley Cyrus,"26 Semanas en lista
1x"
2014,46,Wake Me Up (radio edit),Avicii,"41 Semanas en lista
1x"
2014,47,Humanos a Marte,CHAYANNE,24 Semanas en lista
2014,48,Noche Y De Dia,Enrique Iglesias feat Yandel & Juan Magán,16 Semanas en lista
2014,49,Demons,Imagine Dragons,25 Semanas en lista
2014,50,Emocional,Dani Martín,23 Semanas en lista
2015,1,El Perdon,Nicky Jam / Enrique Iglesias,"47 Semanas en lista
4x"
2015,2,Cheerleader,Omi,"51 Semanas en lista
3x"
2015,3,Lean On,MAJOR LAZER / MØ / DJ SNAKE,"43 Semanas en lista
3x"
2015,4,La Gozadera,Gente de Zona feat. Marc Anthony,"35 Semanas en lista
3x"
2015,5,Uptown Funk,Mark Ronson feat. Bruno Mars,"56 Semanas en lista
3x"
2015,6,Thinking out Loud,ED SHEERAN,"60 Semanas en lista
2x"
2015,7,Love Me Like You Do,Ellie Goulding,"47 Semanas en lista
2x"
2015,8,Travesuras,Nicky Jam,"73 Semanas en lista
2x"
2015,9,Are You with Me,Lost Frequencies,"40 Semanas en lista
2x"
2015,10,Él No Te Da - Radio Edit,Dasoul,"44 Semanas en lista
2x"
2015,11,Want To Want Me,JASON DERÜLO,"43 Semanas en lista
2x"
2015,12,Mi Nuevo Vicio,Paulina Rubio feat Morat,"41 Semanas en lista
2x"
2015,13,Ginza,J Balvin,"24 Semanas en lista
2x"
2015,14,El Taxi (feat Sensato & Osmani García),Pitbull,"47 Semanas en lista
2x"
2015,15,Firestone,Kygo feat. Conrad,"52 Semanas en lista
2x"
2015,16,See You Again feat Charlie Puth,Wiz Khalifa,"39 Semanas en lista
2x"
2015,17,Sigueme y te sigo,Daddy Yankee,"42 Semanas en lista
2x"
2015,18,Bailando,ENRIQUE IGLESIAS / DESCEMER BUENO / GENTE DE ZONA,"93 Semanas en lista
1x"
2015,19,Vuelve,Juan Magan feat Paulina Rubio y DCS,"25 Semanas en lista
1x"
2015,20,What Do You Mean?,Justin Bieber,"18 Semanas en lista
1x"
2015,21,Stole the Show,Kygo / Parson James,"41 Semanas en lista
1x"
2015,22,He Llorado (Como Un Niño),Juan Magan feat Gente De Zona,"36 Semanas en lista
1x"
2015,23,Sugar,Maroon 5,"50 Semanas en lista
1x"
2015,24,Si no te quisiera,Juan Magan Feat. Belinda & Lapiz Conciente,"59 Semanas en lista
1x"
2015,25,La Mordidita,Ricky Martin feat Yotuel,"28 Semanas en lista
1x"
2015,26,Where Are Ü Now (feat Justin Bieber),Skrillex and Diplo,"43 Semanas en lista
1x"
2015,27,Hey Mama,David Guetta feat. Nicki Minaj & Afrojack,"36 Semanas en lista
1x"
2015,28,Ain`t Nobody (Loves Me Better),Felix Jaehn feat Jasmine Thompson,"30 Semanas en lista
1x"
2015,29,Por Fin Te Encontré,Cali Y El Dandee feat Juan Magan & Sebastian Yatra,"14 Semanas en lista
1x"
2015,30,Sorry,Justin Bieber,"10 Semanas en lista
1x"
2015,31,Ay Vamos,J Balvin,"50 Semanas en lista
1x"
2015,32,Take Me To Church,Hozier,"44 Semanas en lista
1x"
2015,33,Piensas (Dile la Verdad),Pitbull Feat. Gente de Zona,"49 Semanas en lista
1x"
2015,34,LA CONOCÍ BAILANDO,DR. BELLIDO feat. K-NARIAS,"51 Semanas en lista
1x"
2015,35,Outside,Calvin Harris feat. Ellie Goulding,"44 Semanas en lista
1x"
2015,36,Dangerous feat. Sam Martin,David Guetta,"44 Semanas en lista
1x"
2015,37,Chandelier,SIA,"65 Semanas en lista
1x"
2015,38,Earned It (Fifty Shades of Grey),The Weeknd,"39 Semanas en lista
1x"
2015,39,Waiting For Love,Avicii,"32 Semanas en lista
1x"
2015,40,How Deep Is Your Love,Calvin Harris & Disciples,"24 Semanas en lista
1x"
2015,41,Fanatica Sensual,Plan B,"34 Semanas en lista
1x"
2015,42,GDFR (feat. Sage The Gemini & Lookas),Flo Rida,"35 Semanas en lista
1x"
2015,43,6 AM,J Balvin / Farruko,"55 Semanas en lista
1x"
2015,44,Me voy enamorando (Remix),Chino & Nacho / Farruko,"34 Semanas en lista
1x"
2015,45,Can`t Feel My Face,The Weeknd,"27 Semanas en lista
1x"
2015,46,Bandida,Danny Romero feat Maluma,"36 Semanas en lista
1x"
2015,47,Hello,Adele,"10 Semanas en lista
1x"
2015,48,Perdido en tus ojos,Don Omar feat. Natti Natasha,"38 Semanas en lista
1x"
2015,49,Five More Hours,"Deorro, Chris Brown","41 Semanas en lista
1x"
2015,50,Tocado y hundido,Melendi,"44 Semanas en lista
1x"
2015,51,Stay With Me,Sam Smith,"47 Semanas en lista
1x"
2015,52,Elastic Heart,SIA,"33 Semanas en lista
1x"
2015,53,I`m an Albatraoz,AronChupa,"38 Semanas en lista
1x"
2015,54,Muevelo,Sofia Reyes Feat. Wisin,"35 Semanas en lista
1x"
2015,55,El Mismo Sol,Alvaro Soler,"19 Semanas en lista
1x"
2015,56,The Nights,Avicii,"34 Semanas en lista
1x"
2015,57,Mi verdad feat Shakira,MANA,"37 Semanas en lista
1x"
2015,58,Time Of Our Lives,"Ne-Yo, Pitbull","35 Semanas en lista
1x"
2015,59,Lejos de Aquí (Remix Yandel),Farruko,"42 Semanas en lista
1x"
2015,60,"I don´t like it, I love it",FLO RIDA / ROBIN THICKE & VERDINE WHITE,"31 Semanas en lista
1x"
2015,61,FourFiveSeconds,Rihanna and Kanye West and Paul McCartney,"26 Semanas en lista
1x"
2015,62,All Of Me,John Legend,"87 Semanas en lista
1x"
2015,63,Don´t Worry feat. Ray Dalton,Madcon,"28 Semanas en lista
1x"
2015,64,All About That Bass,Meghan Trainor,"44 Semanas en lista
1x"
2015,65,Propuesta Indecente,ROMEO SANTOS,"93 Semanas en lista
1x"
2015,66,Locked Away,R. City / Adam Levine,"18 Semanas en lista
1x"
2015,67,Tentándome (feat. Maffio),Juan Magan,"36 Semanas en lista
1x"
2015,68,Reality,Lost Frequencies feat Janieck Devy,"23 Semanas en lista
1x"
2015,69,Headlights,ROBIN SCHULZ / ILSEY,"39 Semanas en lista
1x"
2015,70,King,Years & Years,"34 Semanas en lista
1x"
2015,71,Un Zombie A La Intemperie,Alejandro Sanz,"28 Semanas en lista
1x"
2015,72,Marvin Gaye feat Meghan Trainor,Charlie Puth,"19 Semanas en lista
1x"
2015,73,Prayer in C (Robin Schulz remix),"ROBIN SCHULZ, LILLY WOOD & THE PRICK","55 Semanas en lista
1x"
2015,74,Photograph,ED SHEERAN,"24 Semanas en lista
1x"
2015,75,Lips Are Movin,Meghan Trainor,"23 Semanas en lista
1x"
2015,76,Por fin,Pablo Alborán,"49 Semanas en lista
1x"
2015,77,Bang Bang,"Jessie J, Ariana Grande, Nicki Minaj","44 Semanas en lista
1x"
2015,78,Soledad,Don Omar,"41 Semanas en lista
1x"
2015,79,BLAME feat. John Newman,Calvin Harris,"42 Semanas en lista
1x"
2015,80,Heroes,Måns Zelmerlöw,"23 Semanas en lista
1x"
2015,81,La promesa,Melendi,"45 Semanas en lista
1x"
2015,82,I Really Like You,Carly Rae Jepsen,"30 Semanas en lista
1x"
2015,83,Noche Y De Dia,Enrique Iglesias feat Yandel & Juan Magán,"52 Semanas en lista
1x"
2015,84,Te recordare bailando,Don Omar,"28 Semanas en lista
1x"
2015,85,Animals,Maroon 5,"32 Semanas en lista
1x"
2015,86,La Temperatura,Maluma feat. Eli Palacios,"54 Semanas en lista
1x"
2015,87,Happy,Pharrell Williams,"82 Semanas en lista
1x"
2015,88,Sun Goes Down (feat. Jasmine Thompson),ROBIN SCHULZ,"24 Semanas en lista
1x"
2015,89,Break Free,Ariana Grande feat Zedd,"34 Semanas en lista
1x"
2015,90,Heroes,Alesso feat Tove Lo,"32 Semanas en lista
1x"
2015,91,I`m Not The Only One,Sam Smith,"26 Semanas en lista
1x"
2015,92,Stitches,Shawn Mendes,"15 Semanas en lista
1x"
2015,93,Fireball,Pitbull feat. John Ryan,"34 Semanas en lista
1x"
2015,94,Hold My hand,JESS GLYNNE,"25 Semanas en lista
1x"
2015,95,Tu Enemigo (feat. Juanes),Pablo López,"16 Semanas en lista
1x"
2015,96,Si no te enamoras,Kevin Roldan,"20 Semanas en lista
1x"
2015,97,Maps,Maroon 5,"44 Semanas en lista
1x"
2015,98,Good For You,Selena Gomez feat A$AP Rocky,"28 Semanas en lista
1x"
2015,99,On My Mind,Ellie Goulding,"15 Semanas en lista
1x"
2015,100,A Sky Full of Stars,COLDPLAY,"52 Semanas en lista
1x"
2016,1,DUELE EL CORAZON,Enrique Iglesias feat Wisin,"37 Semanas en lista
5x"
2016,2,Cheap Thrills (feat Sean Paul),SIA,"45 Semanas en lista
5x"
2016,3,La Bicicleta,Carlos Vives & Shakira,"31 Semanas en lista
4x"
2016,4,Cómo Te Atreves,Morat,"44 Semanas en lista
4x"
2016,5,Sorry,Justin Bieber,"62 Semanas en lista
4x"
2016,6,Hasta El Amanecer,Nicky Jam,"50 Semanas en lista
4x"
2016,7,One Dance,Drake feat WizKid & Kyla,"37 Semanas en lista
4x"
2016,8,Faded,Alan Walker,"51 Semanas en lista
3x"
2016,9,Picky,Joey Montana,"56 Semanas en lista
4x"
2016,10,I Took A Pill In Ibiza (Seeb Remix),Mike Posner,"48 Semanas en lista
3x"
2016,11,Hymn for the weekend,COLDPLAY,"48 Semanas en lista
3x"
2016,12,Love yourself,Justin Bieber,"55 Semanas en lista
3x"
2016,13,Baila Conmigo,Juan Magán feat Luciana,"39 Semanas en lista
3x"
2016,14,Light it up feat Nyla & Fuse ODG,MAJOR LAZER,"45 Semanas en lista
3x"
2016,15,Ain`t Your Mama,Jennifer Lopez,"38 Semanas en lista
3x"
2016,16,Andas en mi cabeza,Chino & Nacho / Daddy Yankee,"44 Semanas en lista
2x"
2016,17,DON´T LET ME DOWN,THE CHAINSMOKERS / DAYA,"40 Semanas en lista
2x"
2016,18,Borro Cassette,Maluma,"65 Semanas en lista
3x"
2016,19,Lush Life,Zara Larsson,"42 Semanas en lista
2x"
2016,20,Work,Rihanna / Drake,"34 Semanas en lista
2x"
2016,21,7 Years,LUKAS GRAHAM,"39 Semanas en lista
2x"
2016,22,Ay Mi Dios,IAMCHINO / PITBULL / YANDEL / CHACAL,"34 Semanas en lista
2x"
2016,23,Ginza,J Balvin,"59 Semanas en lista
2x"
2016,24,Can`t Stop The Feeling,Justin Timberlake,"34 Semanas en lista
2x"
2016,25,Por Fin Te Encontré,Cali Y El Dandee feat Juan Magan & Sebastian Yatra,"51 Semanas en lista
4x"
2016,26,This Is What You Came For,Calvin Harris Feat Rihanna,"35 Semanas en lista
2x"
2016,27,Hasta que se seque el malecon,JACOB FOREVER,"34 Semanas en lista
2x"
2016,28,Mayor que yo 3,LUNY TUNES / DON OMAR / DADDY YANKEE / WISIN / YANDEL,"49 Semanas en lista
2x"
2016,29,Catch & Release (Deepend Remix Extended Version),Matt Simons,"47 Semanas en lista
2x"
2016,30,Traidora,Gente de Zona feat. Marc Anthony,"46 Semanas en lista
2x"
2016,31,Una en un millón,Alexis & Fido,"53 Semanas en lista
2x"
2016,32,Bobo,J Balvin,"33 Semanas en lista
2x"
2016,33,Encantadora,Yandel,"63 Semanas en lista
2x"
2016,34,Stressed Out,TWENTY ONE PILOTS,"43 Semanas en lista
2x"
2016,35,Cold Water featuring Justin Bieber & MØ,MAJOR LAZER,"23 Semanas en lista
2x"
2016,36,Sofia,Alvaro Soler,"34 Semanas en lista
2x"
2016,37,Cake by the ocean,DNCE,"41 Semanas en lista
2x"
2016,38,What Do You Mean?,Justin Bieber,"50 Semanas en lista
3x"
2016,39,Bang my head,David Guetta / Sia,"39 Semanas en lista
2x"
2016,40,Deja Que Te Bese,Alejandro Sanz feat Marc Anthony,"24 Semanas en lista
2x"
2016,41,Let me love you (feat. Justin Bieber),DJ Snake,"21 Semanas en lista
2x"
2016,42,Stitches,Shawn Mendes,"47 Semanas en lista
2x"
2016,43,We Dont Talk Anymore,Charlie Puth / Selena Gomez,"27 Semanas en lista
2x"
2016,44,La Gozadera,Gente de Zona feat. Marc Anthony,"85 Semanas en lista
2x"
2016,45,Traicionera,Sebastián Yatra,"24 Semanas en lista
2x"
2016,46,Fast Car (Radio Edit),Jonas Blue / Dakota,"34 Semanas en lista
1x"
2016,47,Tu Enemigo (feat. Juanes),Pablo López,"52 Semanas en lista
1x"
2016,48,Work from Home,Fifth Harmony / TY Dolla $ing,"33 Semanas en lista
2x"
2016,49,Adventure of a Lifetime,COLDPLAY,"44 Semanas en lista
2x"
2016,50,No Money,GALANTIS,"30 Semanas en lista
2x"
2016,51,Te busco,COSCULLUELA / NICKY JAM,"52 Semanas en lista
2x"
2016,52,Vuela Corazón,Dasoul,"30 Semanas en lista
1x"
2016,53,Ya Me Enteré,Reik,"29 Semanas en lista
2x"
2016,54,Hello,Adele,"38 Semanas en lista
2x"
2016,55,Safari,"J. Balvin feat Pharrell Williams & BIA, Sky","16 Semanas en lista
1x"
2016,56,Shaky shaky,Daddy Yankee,"36 Semanas en lista
1x"
2016,57,Otra Vez feat J Balvin,Zion&Lennox,"21 Semanas en lista
1x"
2016,58,El Perdedor,Maluma,"36 Semanas en lista
1x"
2016,59,Amor & Dolor,CARLOS BAUTE / ALEXIS & FIDO,"28 Semanas en lista
1x"
2016,60,Lean On,MAJOR LAZER / MØ / DJ SNAKE,"76 Semanas en lista
2x"
2016,61,Reggaeton lento (Bailemos),CNCO,"17 Semanas en lista
1x"
2016,62,Closer,THE CHAINSMOKERS / HALSEY,"21 Semanas en lista
1x"
2016,63,Vente Pa` Cá,Ricky Martin feat. Maluma,"14 Semanas en lista
1x"
2016,64,Treat You Better,Shawn Mendes,"30 Semanas en lista
1x"
2016,65,This Girl,Kungs feat Cookin` On 3 Burners,"27 Semanas en lista
1x"
2016,66,Perfect Strangers,Jonas Blue feat JP Cooper,"24 Semanas en lista
1x"
2016,67,PILLOWTALK,ZAYN,"24 Semanas en lista
1x"
2016,68,El Perdon,Nicky Jam / Enrique Iglesias,"83 Semanas en lista
2x"
2016,69,"Me, Myself & I",G-Eazy / Bebe Rexha,"30 Semanas en lista
1x"
2016,70,Hotline bling,Drake,"38 Semanas en lista
1x"
2016,71,DANCING KIZOMBA (SPANISH VERSION),Alx Veliz,"39 Semanas en lista
1x"
2016,72,This One´s For You,David Guetta / Zara Larsson,"23 Semanas en lista
1x"
2016,73,Ya No,Manuel Carrasco,"43 Semanas en lista
1x"
2016,74,El Mismo Sol,Alvaro Soler,"50 Semanas en lista
2x"
2016,75,QUIERO QUE SEPAS,Juan Magan,"24 Semanas en lista
1x"
2016,76,The Greatest ft Kendrick Lamar,SIA,"16 Semanas en lista
1x"
2016,77,Chantaje,Shakira feat. Maluma,"9 Semanas en lista
1x"
2016,78,NO,Meghan Trainor,"22 Semanas en lista
1x"
2016,79,Heathens,TWENTY ONE PILOTS,"25 Semanas en lista
1x"
2016,80,In the Name of Love,Martin Garrix & Bebe Rexha,"20 Semanas en lista
1x"
2016,81,Gyal You A Party Animal,Charly Black,"13 Semanas en lista
1x"
2016,82,RIDE,TWENTY ONE PILOTS,"28 Semanas en lista
1x"
2016,83,How Deep Is Your Love,Calvin Harris & Disciples,"50 Semanas en lista
2x"
2016,84,Sugar (feat Francesco Yates),ROBIN SCHULZ,"46 Semanas en lista
1x"
2016,85,Bailar (Radio Edit),Deorro feat Elvis Crespo,"27 Semanas en lista
1x"
2016,86,Photograph,ED SHEERAN,"53 Semanas en lista
1x"
2016,87,Can`t Feel My Face,The Weeknd,"51 Semanas en lista
2x"
2016,88,Vuelve,Juan Magan feat Paulina Rubio y DCS,"47 Semanas en lista
2x"
2016,89,Embriágame,Zion y Lennox,"44 Semanas en lista
1x"
2016,90,Locked Away,R. City / Adam Levine,"38 Semanas en lista
1x"
2016,91,A donde voy feat Daddy Yankee,Cosculluela,"28 Semanas en lista
1x"
2016,92,La Mordidita,Ricky Martin feat Yotuel,"51 Semanas en lista
2x"
2016,93,Side to side,ARIANA GRANDE / NICKI MINAJ,"17 Semanas en lista
1x"
2016,94,Starboy,The Weeknd feat Daft Punk,"14 Semanas en lista
1x"
2016,95,Uno X Uno,Manuel Carrasco,"38 Semanas en lista
1x"
2016,96,Si ella quisiera,Justin Quiles,"43 Semanas en lista
1x"
2016,97,Ain`t Nobody (Loves Me Better),Felix Jaehn feat Jasmine Thompson,"50 Semanas en lista
2x"
2016,98,Bailame Despacio,XANTOS,"19 Semanas en lista
1x"
2016,99,Uptown Funk,Mark Ronson feat. Bruno Mars,"75 Semanas en lista
1x"
2016,100,I Hate U I love U,GNASH / OLIVIA O´BRIEN,"31 Semanas en lista
1x"
2017,1,Despacito (Featuring Daddy Yankee),Luis Fonsi feat Daddy Yankee,"50 Semanas en lista
12x"
2017,2,Shape of you,ED SHEERAN,"51 Semanas en lista
8x"
2017,3,Me Rehuso,DANNY OCEAN,"47 Semanas en lista
7x"
2017,4,Felices los 4,Maluma,"36 Semanas en lista
6x"
2017,5,SUBEME LA RADIO,"Enrique Iglesias feat Descemer Bueno, Zion & Lennox","39 Semanas en lista
5x"
2017,6,El Amante,Nicky Jam,"49 Semanas en lista
4x"
2017,7,Reggaeton lento (Bailemos),CNCO,"65 Semanas en lista
5x"
2017,8,Bailame,Nacho,"37 Semanas en lista
4x"
2017,9,Mi Gente,J Balvin feat Willy William,"26 Semanas en lista
4x"
2017,10,Escapate Conmigo,Wisin feat Ozuna,"40 Semanas en lista
4x"
2017,11,Chantaje,Shakira feat. Maluma,"50 Semanas en lista
4x"
2017,12,Una Lady como Tú,Manuel Turizo,"31 Semanas en lista
4x"
2017,13,Lumbra,Cali Y El Dandee feat Shaggy,"41 Semanas en lista
3x"
2017,14,Me Enamoré,SHAKIRA,"37 Semanas en lista
3x"
2017,15,Mayores,Becky G feat Bad Bunny,"24 Semanas en lista
3x"
2017,16,Otra Vez feat J Balvin,Zion&Lennox,"65 Semanas en lista
4x"
2017,17,Ahora dice,CHRIS JEDAY / J BALVIN / OZUNA / ARCANGEL,"39 Semanas en lista
3x"
2017,18,Me llamas,Piso 21,"65 Semanas en lista
4x"
2017,19,La Rompe Corazones,Daddy Yankee / Ozuna,"41 Semanas en lista
3x"
2017,20,Mala Mujer,C. Tangana,"31 Semanas en lista
3x"
2017,21,Hey DJ (Pop Version),CNCO,"38 Semanas en lista
3x"
2017,22,Sola,ANUEL AA,"52 Semanas en lista
3x"
2017,23,Hey Ma [Spanish Version] featuring Camila Cabello,Pitbull & J Balvin,"34 Semanas en lista
3x"
2017,24,Rockabye,CLEAN BANDIT / SEAN PAUL & ANNE-MARIE,"41 Semanas en lista
3x"
2017,25,La Isla del amor,DEMARCO FLAMENCO / MAKI,"29 Semanas en lista
3x"
2017,26,Traicionera,Sebastián Yatra,"61 Semanas en lista
3x"
2017,27,Vente Pa` Cá,Ricky Martin feat. Maluma,"55 Semanas en lista
3x"
2017,28,Gyal You A Party Animal,Charly Black,"53 Semanas en lista
3x"
2017,29,Swalla feat Nicki Minaj & Ty Dolla $ign,JASON DERÜLO,"40 Semanas en lista
3x"
2017,30,Bonita,J BALVIN / JOWELL & RANDY,"30 Semanas en lista
3x"
2017,31,It Ain`t Me,Kygo & Selena Gomez,"38 Semanas en lista
2x"
2017,32,Something Just Like This,The Chainsmokers & Coldplay,"36 Semanas en lista
2x"
2017,33,Kung Fu,Dasoul y Nacho,"34 Semanas en lista
2x"
2017,34,Vacaciones,Wisin,"51 Semanas en lista
3x"
2017,35,Tú Me Obligaste,Antonio José ft. Cali Y El Dandee,"34 Semanas en lista
2x"
2017,36,Sigo Extrañándote,J.Balvin,"35 Semanas en lista
2x"
2017,37,Safari,"J. Balvin feat Pharrell Williams & BIA, Sky","48 Semanas en lista
3x"
2017,38,Attention,Charlie Puth,"35 Semanas en lista
2x"
2017,39,Tu foto,OZUNA,"35 Semanas en lista
2x"
2017,40,La Bicicleta,Carlos Vives & Shakira,"66 Semanas en lista
6x"
2017,41,Ando buscando featuring Piso 21,Carlos Baute,"36 Semanas en lista
2x"
2017,42,TE QUIERO PA MI,DON OMAR / ZION & LENNOX,"40 Semanas en lista
2x"
2017,43,Criminal,NATTI NATASHA / OZUNA,"17 Semanas en lista
2x"
2017,44,Alguien Robó,"Sebastián Yatra, Nacho y Wisin","33 Semanas en lista
2x"
2017,45,Perro Fiel,shakira / Nicky Jam,"31 Semanas en lista
2x"
2017,46,Se preparó,OZUNA,"19 Semanas en lista
2x"
2017,47,Sirenas,Taburete,"54 Semanas en lista
2x"
2017,48,Bailame Despacio,XANTOS,"53 Semanas en lista
1x"
2017,49,Loco enamorado,"Abraham Mateo, Farruko & Christian Daniel","27 Semanas en lista
2x"
2017,50,Deja Vu,Prince Royce y Shakira,"30 Semanas en lista
1x"
2017,51,I Don´t Wanna Live Forever,Zayn | Taylor Swift,"24 Semanas en lista
1x"
2017,52,There`s Nothing Holdin` Me Back,Shawn Mendes,"30 Semanas en lista
1x"
2017,53,2U featuring Justin Bieber,David Guetta,"23 Semanas en lista
1x"
2017,54,Castle on the hill,ED SHEERAN,"19 Semanas en lista
1x"
2017,55,Andas en mi cabeza,Chino & Nacho / Daddy Yankee,"80 Semanas en lista
4x"
2017,56,Perfect,ED SHEERAN / BEYONCE,"20 Semanas en lista
1x"
2017,57,Que va,ALEX SENSATION / OZUNA,"20 Semanas en lista
1x"
2017,58,Suena El Dembow,Joey Montana y Sebastián Yatra,"16 Semanas en lista
1x"
2017,59,New Rules,Dua Lipa,"22 Semanas en lista
1x"
2017,60,"Yo Contigo, Tú Conmigo (The Gong Gong Song)",Morat y Alvaro Soler,"28 Semanas en lista
1x"
2017,61,Issues,Julia Michaels,"46 Semanas en lista
1x"
2017,62,Ay Mi Dios,IAMCHINO / PITBULL / YANDEL / CHACAL,"61 Semanas en lista
4x"
2017,63,Symphony,CLEAN BANDIT / ZARA LARSSON,"26 Semanas en lista
1x"
2017,64,Robarte un Beso,Carlos Vives & Sebastian Yatra,"22 Semanas en lista
1x"
2017,65,Havana,Camila Cabello feat. Young Thug,"20 Semanas en lista
1x"
2017,66,No vaya a ser,Pablo Alborán,"16 Semanas en lista
1x"
2017,67,Deja Que Te Bese,Alejandro Sanz feat Marc Anthony,"50 Semanas en lista
3x"
2017,68,Scared To Be Lonely,Martin Garrix & Dua Lipa,"21 Semanas en lista
1x"
2017,69,Sé Que Te Duele,Alejandro Fernández feat Morat,"27 Semanas en lista
1x"
2017,70,Soy Peor,BAD BUNNY,"39 Semanas en lista
1x"
2017,71,Paris,The Chainsmokers,"20 Semanas en lista
1x"
2017,72,I Feel it coming,The Weeknd feat Daft Punk,"27 Semanas en lista
1x"
2017,73,You Don`t Know Me,Jax Jones feat RAYE,"23 Semanas en lista
1x"
2017,74,"Rápido, Brusco, Violento",Juan Magan feat BnK,"40 Semanas en lista
1x"
2017,75,Dile que tu me quieres,OZUNA,"38 Semanas en lista
1x"
2017,76,Ahora Me Llama,Karol G feat Bad Bunny,"27 Semanas en lista
1x"
2017,77,Desde que estamos juntos,Melendi,"37 Semanas en lista
1x"
2017,78,Let me love you (feat. Justin Bieber),DJ Snake,"41 Semanas en lista
3x"
2017,79,DUELE EL CORAZON,Enrique Iglesias feat Wisin,"63 Semanas en lista
6x"
2017,80,Chained To The Rhythm,Katy Perry feat Skip Marley,"19 Semanas en lista
1x"
2017,81,Besándote,Piso 21,"31 Semanas en lista
1x"
2017,82,Cómo Te Atreves,Morat,"72 Semanas en lista
5x"
2017,83,Si tu la ves (feat. Wisin),Nicky Jam,"37 Semanas en lista
1x"
2017,84,Mama feat. William Singe,Jonas Blue,"28 Semanas en lista
1x"
2017,85,Hasta que se seque el malecon,JACOB FOREVER,"56 Semanas en lista
3x"
2017,86,24k Magic,Bruno Mars,"30 Semanas en lista
2x"
2017,87,Malibu,Miley Cyrus,"20 Semanas en lista
1x"
2017,88,Thunder,Imagine Dragons,"33 Semanas en lista
1x"
2017,89,Bella y Sensual,"Romeo Santos, Daddy Yankee and Nicky Jam","23 Semanas en lista
1x"
2017,90,Sensualidad,BAD BUNNY / PRINCE ROYCE / J BALVIN / MAMBO KINGZ /DJ LUIAN,"8 Semanas en lista
1x"
2017,91,Fuego,Juanes,"32 Semanas en lista
1x"
2017,92,Stay,Zedd feat Alessia Cara,"24 Semanas en lista
1x"
2017,93,Galway Girl,ED SHEERAN,"23 Semanas en lista
1x"
2017,94,I`m the One,"DJ KHALED feat Quavo, Justin Bieber, Chance the Rapper, and Lil Wayne","19 Semanas en lista
1x"
2017,95,That´s what I like,Bruno Mars,"21 Semanas en lista
1x"
2017,96,Manicomio,Cosculluela,"25 Semanas en lista
1x"
2017,97,Wild Thoughts,DJ Khaled feat Rihanna & Bryson Tiller,"20 Semanas en lista
1x"
2017,98,Closer,THE CHAINSMOKERS / HALSEY,"40 Semanas en lista
2x"
2017,99,Say you Wont Let Go,James Arthur,"28 Semanas en lista
1x"
2017,100,More Than You Know,Axwell Ingrosso,"28 Semanas en lista
1x"
2018,1,Lo Malo,Aitana y Ana Guerra,"48 Semanas en lista
5x"
2018,2,Dura,Daddy Yankee,"49 Semanas en lista
4x"
2018,3,Sin Pijama,Becky G & Natti Natasha,"36 Semanas en lista
4x"
2018,4,Te Bote,NIO GARCIA / DARELL / CASPER MAGICO,"37 Semanas en lista
4x"
2018,5,Me Niego,Reik Feat Ozuna & Wisin,"45 Semanas en lista
3x"
2018,6,Usted,Juan Magan y Mala Rodríguez,"39 Semanas en lista
3x"
2018,7,VAINA LOCA,OZUNA / MANUEL TURIZO,"26 Semanas en lista
3x"
2018,8,"1, 2, 3 (feat Jason Derulo & De La Ghetto)",SOFÍA REYES,"45 Semanas en lista
3x"
2018,9,TELÉFONO,Aitana,"22 Semanas en lista
3x"
2018,10,X,Nicky Jam & J Balvin,"38 Semanas en lista
3x"
2018,11,La Cintura,Alvaro Soler,"39 Semanas en lista
3x"
2018,12,Échame La Culpa,Luis Fonsi & Demi Lovato,"56 Semanas en lista
4x"
2018,13,Bella,WOLFINE,"53 Semanas en lista
3x"
2018,14,MALAMENTE,Rosalía,"31 Semanas en lista
3x"
2018,15,Duro y Suave,Leslie Grace & Noriel,"47 Semanas en lista
3x"
2018,16,Perfect,ED SHEERAN,"72 Semanas en lista
3x"
2018,17,Ni La Hora,Ana Guerra y Juan Magan,"25 Semanas en lista
2x"
2018,18,I like It,CARDI B / BAD BUNNY / J BALVIN,"38 Semanas en lista
2x"
2018,19,Siguelo Bailando,OZUNA,"55 Semanas en lista
3x"
2018,20,No es justo,J BALVIN / ZION & LENNOX,"31 Semanas en lista
2x"
2018,21,A Partir de Hoy,David Bisbal y Sebastián Yatra,"41 Semanas en lista
2x"
2018,22,Déjala que Baile,MELENDI / ALEJANDRO SANZ / ARKANO,"40 Semanas en lista
2x"
2018,23,One Kiss,Calvin Harris feat Dua Lipa,"38 Semanas en lista
2x"
2018,24,Corazón,Maluma feat. Nego Do Borel,"46 Semanas en lista
3x"
2018,25,Mi Cama,KAROL G,"33 Semanas en lista
2x"
2018,26,Déjate Llevar,"Juan Magan & Belinda, Manuel Turizo, Snova y B-Case","49 Semanas en lista
2x"
2018,27,El Baño,Enrique Iglesias Feat Bad Bunny,"36 Semanas en lista
2x"
2018,28,MUJERES,MOZART LA PARA / JUSTIN QUILES,"24 Semanas en lista
2x"
2018,29,Criminal,NATTI NATASHA / OZUNA,"60 Semanas en lista
2x"
2018,30,La Player (Bandolera),Zion y Lennox,"43 Semanas en lista
2x"
2018,31,Asesina,BRYTIAGO / DARELL,"29 Semanas en lista
2x"
2018,32,BIEN DURO,C. Tangana,"27 Semanas en lista
2x"
2018,33,Downtown,ANITTA / J BALVIN,"43 Semanas en lista
2x"
2018,34,Ya No Quiero Na,Lola Indigo,"23 Semanas en lista
2x"
2018,35,No Me Acuerdo,Thalia & Natti Natasha,"30 Semanas en lista
2x"
2018,36,Madura,COSCULLUELA / BAD BUNNY,"37 Semanas en lista
2x"
2018,37,Dejala que Vuelva,Piso 21 / Manuel Turizo,"51 Semanas en lista
2x"
2018,38,Calypso,"Luis Fonsi, Stefflon Don","28 Semanas en lista
2x"
2018,39,Lo Siento,BERET,"31 Semanas en lista
2x"
2018,40,Amorfoda,BAD BUNNY,"29 Semanas en lista
2x"
2018,41,Clandestino,Shakira feat. Maluma,"29 Semanas en lista
2x"
2018,42,Friends,Marshmello & Anne-Marie,"45 Semanas en lista
2x"
2018,43,Havana,Camila Cabello feat. Young Thug,"62 Semanas en lista
2x"
2018,44,El Préstamo,Maluma,"38 Semanas en lista
2x"
2018,45,Dembow,DANNY OCEAN,"46 Semanas en lista
2x"
2018,46,Sensualidad,BAD BUNNY / PRINCE ROYCE / J BALVIN / MAMBO KINGZ /DJ LUIAN,"44 Semanas en lista
2x"
2018,47,PIENSO EN TU MIRÁ (CAP.3:CELOS),Rosalía,"23 Semanas en lista
2x"
2018,48,BEBE,6IX9INE / ANUEL AA,"17 Semanas en lista
1x"
2018,49,God´s Plan,Drake,"40 Semanas en lista
1x"
2018,50,Guerrera,C. Tangana y Dellafuente,"46 Semanas en lista
2x"
2018,51,Taki Taki,"DJ Snake, Selena Gomez, Ozuna y Cardi B","13 Semanas en lista
1x"
2018,52,Besos En Guerra,Morat y Juanes,"59 Semanas en lista
2x"
2018,53,Shape of you,ED SHEERAN,"103 Semanas en lista
2x"
2018,54,Llorando en la limo,C. TANGANA / ALIZZZ,"38 Semanas en lista
1x"
2018,55,Girls Like You,Maroon 5 ft Cardi B,"30 Semanas en lista
1x"
2018,56,Me Rehuso,DANNY OCEAN,"95 Semanas en lista
2x"
2018,57,Solo (feat. Demi Lovato),Clean Bandit,"32 Semanas en lista
1x"
2018,58,MIA feat. Drake,BAD BUNNY,"11 Semanas en lista
1x"
2018,59,Mayores,Becky G feat Bad Bunny,"64 Semanas en lista
2x"
2018,60,Cuando Te Besé,Becky G & Paulo Londra,"21 Semanas en lista
1x"
2018,61,El Farsante,OZUNA,"64 Semanas en lista
2x"
2018,62,Cuando Nadie Ve,Morat,"29 Semanas en lista
1x"
2018,63,El Anillo,Jennifer Lopez,"29 Semanas en lista
1x"
2018,64,IBIZA,OZUNA / ROMEO SANTOS,"18 Semanas en lista
1x"
2018,65,La Isla del amor,DEMARCO FLAMENCO / MAKI,"78 Semanas en lista
2x"
2018,66,These Days (Camelphat Remix),RUDIMENTAL / JESS GLYNNE / MACKLEMORE & DAN CAPLEN,"45 Semanas en lista
1x"
2018,67,Azukita,STEVE AOKI / DADDY YANKEE / PLAY-N-SKILLZ / ELVIS CRESPO,"33 Semanas en lista
1x"
2018,68,Brillo,J BALVIN / ROSALÍA,"31 Semanas en lista
1x"
2018,69,Bum Bum Tam Tam,Mc Fioti,"39 Semanas en lista
2x"
2018,70,Fuego,Eleni Foureira,"33 Semanas en lista
1x"
2018,71,IDGAF,Dua Lipa,"39 Semanas en lista
1x"
2018,72,Le Encanta,Juan Magan y B-Case,"40 Semanas en lista
1x"
2018,73,La Llamada,Leiva,"46 Semanas en lista
2x"
2018,74,X (Remix),Nicky Jam & J Balvin feat Maluma & Ozuna,"26 Semanas en lista
1x"
2018,75,Tu canción,AMAIA ROMERO / ALFRED GARCÍA,"30 Semanas en lista
1x"
2018,76,New Rules,Dua Lipa,"55 Semanas en lista
2x"
2018,77,Bailame,Nacho,"72 Semanas en lista
1x"
2018,78,Él no soy yo,Blas Canto,"34 Semanas en lista
1x"
2018,79,Se preparó,OZUNA,"50 Semanas en lista
1x"
2018,80,QUIERE BEBER,ANUEL AA,"20 Semanas en lista
1x"
2018,81,Ya Es Hora,"Ana Mena, Becky G, De La Ghetto","40 Semanas en lista
1x"
2018,82,Unica,OZUNA,"34 Semanas en lista
1x"
2018,83,MALA MÍA,Maluma,"20 Semanas en lista
1x"
2018,84,Celoso,Lele Pons,"19 Semanas en lista
1x"
2018,85,Solita,OZUNA / MAMBO KINGZ / DJ LUIAN / BAD BUNNY / WISIN / ALMIGHT,"31 Semanas en lista
1x"
2018,86,Flames,David Guetta / Sia,"36 Semanas en lista
1x"
2018,87,Suena El Dembow,Joey Montana y Sebastián Yatra,"48 Semanas en lista
2x"
2018,88,No Quiero Amarte,JUSTIN QUILES / ZION & LENNOX,"33 Semanas en lista
1x"
2018,89,ESTAMOS BIEN,BAD BUNNY,"26 Semanas en lista
1x"
2018,90,Perro Fiel,shakira / Nicky Jam,"58 Semanas en lista
1x"
2018,91,ADAN Y EVA,PAULO LONDRA,"8 Semanas en lista
1x"
2018,92,Despacito (Featuring Daddy Yankee),Luis Fonsi feat Daddy Yankee,"89 Semanas en lista
2x"
2018,93,Booty,C. Tangana & Becky G.,"10 Semanas en lista
1x"
2018,94,Mad Love,SEAN PAUL / DAVID GUETTA / BECKY G,"36 Semanas en lista
1x"
2018,95,Imposible,Luis Fonsi y Ozuna,"10 Semanas en lista
1x"
2018,96,El Patio,Pablo López,"38 Semanas en lista
1x"
2018,97,ANTES DE MORIRME,C.TANGANA / ROSALIA,"21 Semanas en lista
2x"
2018,98,IN MY FEELINGS,Drake,"25 Semanas en lista
1x"
2018,99,Robarte un Beso,Carlos Vives & Sebastian Yatra,"52 Semanas en lista
2x"
2018,100,El Arrepentido,Melendi & Carlos Vives,"36 Semanas en lista
1x"
2019,1,CONTANDO LUNARES,DON PATRICIO / CRUZ CAFUNÉ,"47 Semanas en lista
6x"
2019,2,Con Calma,Daddy Yankee & Snow,"48 Semanas en lista
5x"
2019,3,Calma (Remix),Pedro Capó & Farruko,"56 Semanas en lista
5x"
2019,4,CHINA,ANUEL AA / DADDY YANKEE / KAROL G / J BALVIN / OZUNA,"23 Semanas en lista
5x"
2019,5,BAILA BAILA BAILA,OZUNA,"50 Semanas en lista
4x"
2019,6,Con Altura,"ROSALÍA & J BALVIN ft., EL GUINCHO","39 Semanas en lista
4x"
2019,7,CALLAITA,BAD BUNNY / TAINY,"30 Semanas en lista
4x"
2019,8,SOLTERA (REMIX),LUNAY / DADDY YANKEE / BAD BUNNY,"33 Semanas en lista
3x"
2019,9,NO ME CONOCE,JHAY CORTEZ,"32 Semanas en lista
3x"
2019,10,Secreto,Anuel AA & Karol G,"32 Semanas en lista
3x"
2019,11,ADAN Y EVA,PAULO LONDRA,"43 Semanas en lista
3x"
2019,12,"Yo x Ti, Tu x Mi","Rosalía, Ozuna","19 Semanas en lista
3x"
2019,13,OTRO TRAGO,SECH / DARELL,"24 Semanas en lista
3x"
2019,14,PA MI,DALEX / RAFA PABÖN / DIMELO FLOW / KHEA / SECH / C,"33 Semanas en lista
3x"
2019,15,ENCHOCHADO DE TI,DON PATRICIO,"38 Semanas en lista
3x"
2019,16,Señorita,Shawn Mendes feat Camila Cabello,"27 Semanas en lista
3x"
2019,17,VERTE IR,DJ LUIAN / MAMBO KINGZ / ANUEL AA / NICKY JAM / DA,"29 Semanas en lista
2x"
2019,18,HP,Maluma,"32 Semanas en lista
2x"
2019,19,Te Robaré,Nicky Jam & Ozuna,"33 Semanas en lista
2x"
2019,20,AMANECE,ANUEL AA / HAZE,"36 Semanas en lista
2x"
2019,21,Un Año,Sebastián Yatra & Reik,"34 Semanas en lista
2x"
2019,22,I Don`t Care,Ed Sheeran & Justin Bieber,"33 Semanas en lista
2x"
2019,23,bad guy (with Justin Bieber),Billie Eilish,"39 Semanas en lista
2x"
2019,24,Contra La Pared,Sean Paul & J Balvin,"26 Semanas en lista
2x"
2019,25,TAL VEZ,PAULO LONDRA,"27 Semanas en lista
2x"
2019,26,Lo Siento,BERET,"83 Semanas en lista
2x"
2019,27,CRISTINA,MAFFIO / JUSTIN QUILES / NACHO / SHELOW SHAQ,"26 Semanas en lista
2x"
2019,28,Swing,DANNY OCEAN,"31 Semanas en lista
2x"
2019,29,OTRO TRAGO (REMIX),SECH / OZUNA / ANUEL AA / DARELL / NICKY JAM,"22 Semanas en lista
2x"
2019,30,ELLA QUIERE BEBER,ANUEL AA / ROMEO SANTOS,"37 Semanas en lista
2x"
2019,31,LA RUBIA (REMIX 2),LA NUEVA ESCUELA / OMAR MONTES,"28 Semanas en lista
2x"
2019,32,SI SE DA,MYKE TOWERS / FARRUKO,"25 Semanas en lista
2x"
2019,33,Mujer Bruja,Lola Indigo & Mala Rodriguez,"28 Semanas en lista
2x"
2019,34,Alocao,Omar Montes x Bad Gyal,"9 Semanas en lista
2x"
2019,35,LA PLAYA,MYKE TOWERS,"22 Semanas en lista
2x"
2019,36,Adicto,"Tainy, Anuel AA & Ozuna","18 Semanas en lista
2x"
2019,37,VAS A QUEDARTE,Aitana,"33 Semanas en lista
2x"
2019,38,SOLDI,MAHMOOD,"25 Semanas en lista
2x"
2019,39,LA CANCIÓN,J. Balvin y Bad Bunny,"26 Semanas en lista
2x"
2019,40,Shallow,Lady Gaga y Bradley Cooper,"64 Semanas en lista
3x"
2019,41,Déjate Querer,"Lalo Ebratt, Sebastian Yatra y Yera","34 Semanas en lista
2x"
2019,42,Presiento,Morat y Aitana,"37 Semanas en lista
2x"
2019,43,Imposible,Luis Fonsi y Ozuna,"34 Semanas en lista
1x"
2019,44,11PM,Maluma,"26 Semanas en lista
2x"
2019,45,Loco Contigo,"DJ Snake, J. Balvin, Tyga","27 Semanas en lista
2x"
2019,46,Adictiva,Daddy Yankee y Anuel AA,"28 Semanas en lista
2x"
2019,47,DE TRANQUILOTE,DANNY ROMERO / LÉRICA,"21 Semanas en lista
2x"
2019,48,NI BIEN NI MAL,BAD BUNNY,"21 Semanas en lista
1x"
2019,49,Qué Pretendes,J. Balvin y Bad Bunny,"24 Semanas en lista
2x"
2019,50,MALAMENTE,Rosalía,"75 Semanas en lista
2x"
2019,51,TA TO GUCCI,CAUTY / RAFA PABON,"24 Semanas en lista
1x"
2019,52,5 Sentidos,DVICIO y TABURETE,"54 Semanas en lista
2x"
2019,53,7 rings,Ariana Grande,"21 Semanas en lista
1x"
2019,54,Milionària,Rosalía,"26 Semanas en lista
2x"
2019,55,PA LLAMAR TU ATENCION,"C. TANGANA, ALIZZZ Y MC BIN LADEN","18 Semanas en lista
1x"
2019,56,SAY MY NAME,DAVID GUETTA / BEBE REXHA / J BALVIN,"35 Semanas en lista
1x"
2019,57,CUADERNO,DALEX / NICKY JAM / JUSTIN QUILES / SECH / LENNY TAVÁREZ / FEID / RAFA PABÖN,"24 Semanas en lista
1x"
2019,58,Booty,C. Tangana & Becky G.,"30 Semanas en lista
1x"
2019,59,MIA feat. Drake,BAD BUNNY,"34 Semanas en lista
2x"
2019,60,SOLTERA,LUNAY,"15 Semanas en lista
1x"
2019,61,Dance Monkey,Tones and I,"15 Semanas en lista
1x"
2019,62,Indeciso,"Reik, J Balvin, Lalo Ebratt","18 Semanas en lista
1x"
2019,63,Aullando,"Wisin & Yandel, Romeo Santos","24 Semanas en lista
1x"
2019,64,Taki Taki,"DJ Snake, Selena Gomez, Ozuna y Cardi B","35 Semanas en lista
2x"
2019,65,Te Quemaste,Manuel Turizo & Anuel AA,"18 Semanas en lista
1x"
2019,66,DIAVLA,CHRIS VIZ / YOUNG VENE,"23 Semanas en lista
1x"
2019,67,Sweet but Psycho,Ava Max,"26 Semanas en lista
1x"
2019,68,GOTEO,DUKI,"20 Semanas en lista
1x"
2019,69,FANTASIAS,RAUW ALEJANDRO / FARRUKO,"16 Semanas en lista
1x"
2019,70,QUE MÁS PUES (REMIX),SECH / JUSTIN QUILES / MALUMA / NICKY JAM / FARRUK,"22 Semanas en lista
1x"
2019,71,MIRÁNDOTE,RVFV,"20 Semanas en lista
1x"
2019,72,MALA,6IX9INE / ANUEL AA,"21 Semanas en lista
2x"
2019,73,EASY,JHAY CORTEZ,"19 Semanas en lista
1x"
2019,74,no te preocupes por mí,Leiva,"31 Semanas en lista
1x"
2019,75,Desconocidos,MAU Y RICKY & MANUEL TURIZO Feat CAMILO,"27 Semanas en lista
1x"
2019,76,RITMO (Bad Boys For Life),The Black Eyed Peas X J Balvin,"11 Semanas en lista
1x"
2019,77,NO TE VEO,CASPER MAGICO,"27 Semanas en lista
1x"
2019,78,TE VI,PISO 21 / MICRO TDH,"25 Semanas en lista
1x"
2019,79,Esclavo de tus besos,Manuel Turizo & Ozuna,"20 Semanas en lista
1x"
2019,80,GANAS SOBRAN,BRYANT MYERS / MIKY WOODZ / JUSTIN QUILES,"22 Semanas en lista
1x"
2019,81,Date La Vuelta ft. Nicky Jam y Sebastian Yatra,Luis Fonsi,"21 Semanas en lista
1x"
2019,82,VAINA LOCA,OZUNA / MANUEL TURIZO,"51 Semanas en lista
1x"
2019,83,ELLOS,CEKY VICINY,"20 Semanas en lista
1x"
2019,84,ME LLAMA,BERET,"34 Semanas en lista
1x"
2019,85,DJ NO PARE,Justin Quiles,"20 Semanas en lista
1x"
2019,86,Indios y Vaqueros,Sinsinati,"22 Semanas en lista
1x"
2019,87,BAILA CONMIGO,DAYVI / VICTOR CARDENAS / KELLY RUIZ,"24 Semanas en lista
1x"
2019,88,Lola Bunny,Lola Indigo & Don Patricio,"21 Semanas en lista
1x"
2019,89,Someone You Loved,Lewis Capaldi,"30 Semanas en lista
1x"
2019,90,ANTES DE MORIRME,C.TANGANA / ROSALIA,"38 Semanas en lista
1x"
2019,91,Mi Persona Favorita,Alejandro Sanz & Camila Cabello,"25 Semanas en lista
1x"
2019,92,ME QUEDO,Aitana / Lola Indigo,"29 Semanas en lista
1x"
2019,93,Qué tienes tú,DVICIO ft Reik y Mau & Ricky,"45 Semanas en lista
2x"
2019,94,Aute Cuture,Rosalía,"17 Semanas en lista
1x"
2019,95,Cuando Nadie Ve,Morat,"50 Semanas en lista
1x"
2019,96,Perfect,ED SHEERAN / BEYONCE,"98 Semanas en lista
2x"
2019,97,HOLA SEÑORITA,MAÎTRE GIMS / MALUMA,"21 Semanas en lista
1x"
2019,98,Bésame,David Bisbal y Juan Magán,"25 Semanas en lista
1x"
2019,99,Sin Pijama,Becky G & Natti Natasha,"60 Semanas en lista
1x"
2019,100,TELÉFONO,Aitana,"39 Semanas en lista
1x"
2020,1,Tusa,Karol G. y Nicki Minaj,"60 Semanas en lista
7x"
2020,2,Se iluminaba feat. Ana Mena,Fred De Palma,"60 Semanas en lista
5x"
2020,3,Blinding Lights,The Weeknd,"54 Semanas en lista
4x"
2020,4,HAWÁI,Maluma,"22 Semanas en lista
4x"
2020,5,Dance Monkey,Tones and I,"68 Semanas en lista
5x"
2020,6,LA JEEPETA (REMIX),NIO GARCIA / ANUEL AA / MYKE TOWERS / NIO GARCIA / BRRAY /,"36 Semanas en lista
3x"
2020,7,PORFA,FEID / JUSTIN QUILES,"39 Semanas en lista
3x"
2020,8,Caramelo,OZUNA,"29 Semanas en lista
3x"
2020,9,LA CURIOSIDAD,JAY WHEELER / DJ NELSON / MYKE TOWERS,"29 Semanas en lista
3x"
2020,10,Tattoo Remix,Rauw Alejandro & Camilo,"25 Semanas en lista
3x"
2020,11,DAKITI,BAD BUNNY / JHAY CORTEZ,"9 Semanas en lista
3x"
2020,12,MIL TEQUILAS,CHEMA RIVAS,"35 Semanas en lista
3x"
2020,13,Morado,J. Balvin,"30 Semanas en lista
3x"
2020,14,SAFAERA,BAD BUNNY / JOWELL / RANDY / ÑENGO FLOW,"28 Semanas en lista
3x"
2020,15,Favorito,Camilo,"39 Semanas en lista
3x"
2020,16,+,Aitana + Cali Y El Dandee,"44 Semanas en lista
3x"
2020,17,Tú Me Dejaste De Querer,"C. Tangana feat. Niño de Elche, La Húngara","8 Semanas en lista
3x"
2020,18,DJADJA,AYA NAKAMURA,"46 Semanas en lista
3x"
2020,19,EL MANUAL,ANUEL AA,"29 Semanas en lista
3x"
2020,20,Alocao,Omar Montes x Bad Gyal,"44 Semanas en lista
3x"
2020,21,TATTOO,RAUW ALEJANDRO,"4 Semanas en lista
3x"
2020,22,Rojo,J. Balvin,"29 Semanas en lista
3x"
2020,23,Me Gusta,Shakira & Anuel AA,"34 Semanas en lista
3x"
2020,24,Carita de Inocente (Remix),Prince Royce & Myke Towers,"30 Semanas en lista
3x"
2020,25,"PAM (feat. Daddy Yankee, El Alfa)",Justin Quiles,"24 Semanas en lista
3x"
2020,26,DIOSA,MYKE TOWERS,"27 Semanas en lista
2x"
2020,27,Amarillo,J. Balvin,"27 Semanas en lista
2x"
2020,28,RELACIÓN,SECH,"28 Semanas en lista
2x"
2020,29,Nunca Estoy,C. Tangana,"36 Semanas en lista
2x"
2020,30,MAMICHULA,TRUENO / NICKI NICOLE / BIZARRAP / TAIU / TATOOL,"22 Semanas en lista
2x"
2020,31,HASTA QUE DIOS DIGA,ANUEL AA / BAD BUNNY,"26 Semanas en lista
2x"
2020,32,4 besos,"Lola Indigo, Rauw Alejandro, Lalo Ebratt","30 Semanas en lista
2x"
2020,33,RELACIÓN (REMIX),SECH / DADDY YANKEE / J BALVIN / ROSALÍA / FARRUKO,"17 Semanas en lista
2x"
2020,34,Si Tú La Quieres,David Bisbal y Aitana,"39 Semanas en lista
2x"
2020,35,RITMO (Bad Boys For Life),The Black Eyed Peas X J Balvin,"44 Semanas en lista
3x"
2020,36,CHINA,ANUEL AA / DADDY YANKEE / KAROL G / J BALVIN / OZUNA,"60 Semanas en lista
2x"
2020,37,PRENDIO (REMIX),RVFV / OMAR MONTES / DAVILES DE NOVELDA,"36 Semanas en lista
2x"
2020,38,Don't Start Now,Dua Lipa,"51 Semanas en lista
3x"
2020,39,YO PERREO SOLA,BAD BUNNY,"28 Semanas en lista
2x"
2020,40,"Ay, DiOs Mío!",KAROL G,"25 Semanas en lista
2x"
2020,41,LA DIFÍCIL,BAD BUNNY,"20 Semanas en lista
2x"
2020,42,Si por mi fuera,BERET,"39 Semanas en lista
2x"
2020,43,DESPEINADA,OZUNA / CAMILO,"17 Semanas en lista
2x"
2020,44,A un paso de la luna,Ana Mena & Rocco Hunt,"20 Semanas en lista
2x"
2020,45,AYER ME LLAMÓ MI EX,KHEA / LENNY SANTOS,"19 Semanas en lista
2x"
2020,46,Indeciso,"Reik, J Balvin, Lalo Ebratt","41 Semanas en lista
3x"
2020,47,One Day,"J. Balvin, Dua Lipa, Bad Bunny, Tainy","23 Semanas en lista
2x"
2020,48,Blanco,J. Balvin,"28 Semanas en lista
2x"
2020,49,MAMI,PTAZETA / JUACKO,"21 Semanas en lista
2x"
2020,50,IGNORANTES,BAD BUNNY / SECH,"17 Semanas en lista
2x"
2020,51,La Nota,"Manuel Turizo,Rauw Alejandro, Mike Towers","12 Semanas en lista
2x"
2020,52,COMO SE SIENTE,JHAY CORTEZ,"20 Semanas en lista
2x"
2020,53,UNA MALA (REMIX),EL COMPLETO RD / CHIMBALA,"29 Semanas en lista
2x"
2020,54,Agua (Music From Sponge on the Run Movie),TAINY / J BALVIN,"22 Semanas en lista
2x"
2020,55,Muévelo,Nicky Jam & Daddy Yankee,"26 Semanas en lista
2x"
2020,56,EASY,JHAY CORTEZ,"41 Semanas en lista
3x"
2020,57,KEII,ANUEL AA,"16 Semanas en lista
2x"
2020,58,SUR Y NORTE,ÑENGO FLOW / ANUEL AA,"20 Semanas en lista
2x"
2020,59,HOLA (REMIX),DALEX / LENNY TAVÁREZ / CHENCHO CORLEONE / JUHN / DÍMELO,"27 Semanas en lista
2x"
2020,60,FABULOSO,SECH / JUSTIN QUILES,"22 Semanas en lista
2x"
2020,61,UNA LOCURA,OZUNA / J BALVIN / CHENCHO CORLEONE,"17 Semanas en lista
2x"
2020,62,VETE,BAD BUNNY,"23 Semanas en lista
2x"
2020,63,Roses (Imanbek Remix),SAINt JHN,"32 Semanas en lista
2x"
2020,64,Flamenkito,Lerica & Belinda,"24 Semanas en lista
2x"
2020,65,Demasiadas Mujeres,C. Tangana,"12 Semanas en lista
2x"
2020,66,Pa toda la vida (feat. Mozart La Para),DON PATRICIO,"23 Semanas en lista
2x"
2020,67,SUEÑO,BERET / PABLO ALBORÁN,"50 Semanas en lista
2x"
2020,68,Vida De Rico,Camilo,"14 Semanas en lista
1x"
2020,69,TKN,ROSALÍA & Travis Scott,"18 Semanas en lista
1x"
2020,70,FANTASIAS,RAUW ALEJANDRO / FARRUKO,"38 Semanas en lista
2x"
2020,71,CONTANDO LUNARES,DON PATRICIO / CRUZ CAFUNÉ,"81 Semanas en lista
2x"
2020,72,SOLDADITO DE HIERRO,Nil Moliner,"62 Semanas en lista
2x"
2020,73,COMO ESTRELLAS,LA YOUNG,"22 Semanas en lista
1x"
2020,74,Jerusalema (feat. Nomcebo Zikode),Master KG,"18 Semanas en lista
1x"
2020,75,Physical,Dua Lipa,"41 Semanas en lista
1x"
2020,76,Pegamos Tela,Lérica x Omar Montes x Abraham Mateo,"27 Semanas en lista
1x"
2020,77,Whine Up,Nicky Jam & Anuel AA,"26 Semanas en lista
2x"
2020,78,"Yo x Ti, Tu x Mi","Rosalía, Ozuna","38 Semanas en lista
2x"
2020,79,Hola Nena,Nyno Vargas feat. Omar Montes,"22 Semanas en lista
1x"
2020,80,Zorra,BAD GYAL,"19 Semanas en lista
2x"
2020,81,SIGUES CON EL,ARCANGEL / SECH / DIMELO FLOW,"18 Semanas en lista
1x"
2020,82,JANGUEO,ANUEL AA / TEGO CALDERON,"18 Semanas en lista
1x"
2020,83,SOLA & VACÍA,CASPER MAGICO / ANUEL AA,"19 Semanas en lista
1x"
2020,84,Qué Bonito Es Querer,Manuel Carrasco,"47 Semanas en lista
2x"
2020,85,Medusa,"Jhay Cortez, Anuel AA, J. Balvin","16 Semanas en lista
1x"
2020,86,Fuera De Mi Mente,Lérica & Juan Magán,"23 Semanas en lista
2x"
2020,87,El Mismo Aire,Camilo & Pablo Alborán,"29 Semanas en lista
1x"
2020,88,Indios y Vaqueros,Sinsinati,"53 Semanas en lista
2x"
2020,89,MI NIÑA,LOS LEGENDARIOS / WISIN / MYKE TOWERS,"14 Semanas en lista
1x"
2020,90,Tabú,Pablo Alborán & Ava Max,"24 Semanas en lista
2x"
2020,91,LOCO,BEÉLE,"21 Semanas en lista
1x"
2020,92,MAMACITA,Black Eyed Peas X Ozuna X J. Rey Soul,"26 Semanas en lista
1x"
2020,93,Memories,Maroon 5,"31 Semanas en lista
2x"
2020,94,Elegí,"Rauw Alejandro, Dalex, Lenny Tavarez, Dimelo Flow","22 Semanas en lista
1x"
2020,95,Someone You Loved,Lewis Capaldi,"58 Semanas en lista
2x"
2020,96,A GÜIRO,RAFA PABÖN,"13 Semanas en lista
1x"
2020,97,bad guy (with Justin Bieber),Billie Eilish,"59 Semanas en lista
2x"
2020,98,PA' ROMPERLA,BAD BUNNY / DON OMAR,"14 Semanas en lista
1x"
2020,99,TBT,"Sebastián Yatra, Rauw Alejandro, Manuel Turizo","27 Semanas en lista
1x"
2020,100,Señorita,Shawn Mendes feat Camila Cabello,"42 Semanas en lista
1x"
2021,1,Todo De Ti,RAUW ALEJANDRO,"32 Semanas en lista
9x"
2021,2,Pareja Del Año ft Myke Towers,Sebastián Yatra,"37 Semanas en lista
6x"
2021,3,Tiroteo Remix,"Marc Seguí, Rauw Alejandro y Pol Granch","39 Semanas en lista
6x"
2021,4,Tú Me Dejaste De Querer,"C. Tangana feat. Niño de Elche, La Húngara","60 Semanas en lista
6x"
2021,5,PEPAS,Farruko,"26 Semanas en lista
5x"
2021,6,LA HISTORIA,EL TAIGER / DJ CONDS,"37 Semanas en lista
5x"
2021,7,Loco,"Justin Quiles feat. Chimbala, Zion & Lennox","33 Semanas en lista
5x"
2021,8,YONAGUNI,BAD BUNNY,"30 Semanas en lista
5x"
2021,9,Mon Amour (remix),"zzoilo, Aitana","20 Semanas en lista
5x"
2021,10,Qué Más Pues?,"J. Balvin, Maria Becerra","31 Semanas en lista
5x"
2021,11,FIEL,LOS LEGENDARIOS / WISIN / JHAY CORTEZ,"41 Semanas en lista
5x"
2021,12,FLAMENCO Y BACHATA,Daviles de Novelda,"42 Semanas en lista
5x"
2021,13,DAKITI,BAD BUNNY / JHAY CORTEZ,"61 Semanas en lista
5x"
2021,14,BANDIDO,MYKE TOWERS / JUHN,"37 Semanas en lista
4x"
2021,15,CÚRAME,RAUW ALEJANDRO,"27 Semanas en lista
4x"
2021,16,MIÉNTEME,TINI / MARIA BECERRA,"35 Semanas en lista
4x"
2021,17,Vida De Rico,Camilo,"66 Semanas en lista
5x"
2021,18,INGOBERNABLE,C. TANGANA / GIPSY KINGS / NICOLAS REYES / TONINO BALIARDO,"44 Semanas en lista
4x"
2021,19,Ella No es Tuya,"Rochy RD, Myke Towers, Nicki Nicole","30 Semanas en lista
3x"
2021,20,LA NOCHE DE ANOCHE,BAD BUNNY / ROSALÍA,"48 Semanas en lista
4x"
2021,21,A un paso de la luna,Ana Mena & Rocco Hunt,"68 Semanas en lista
4x"
2021,22,Solo,"Omar Montes, Ana Mena y Maffio","40 Semanas en lista
3x"
2021,23,VOLANDO (REMIX),MORA / BAD BUNNY / SECH,"25 Semanas en lista
3x"
2021,24,Juramento eterno de sal,Álvaro de Luna,"55 Semanas en lista
4x"
2021,25,911,SECH,"23 Semanas en lista
3x"
2021,26,VOLVÍ,AVENTURA / BAD BUNNY,"22 Semanas en lista
3x"
2021,27,HECHA PA' MI,BOZA,"36 Semanas en lista
2x"
2021,28,Ateo,"C. Tangana, Nathy Peluso","12 Semanas en lista
3x"
2021,29,LEY SECA,JHAY CORTEZ / ANUEL AA,"17 Semanas en lista
3x"
2021,30,Save Your Tears,The Weeknd,"48 Semanas en lista
3x"
2021,31,HAWÁI,Maluma,"63 Semanas en lista
2x"
2021,32,2/CATORCE,RAUW ALEJANDRO / MR. NAISGAI,"38 Semanas en lista
2x"
2021,33,AM (REMIX),NIO GARCIA / J BALVIN / BAD BUNNY,"27 Semanas en lista
3x"
2021,34,Bebé,Camilo & El Alfa,"40 Semanas en lista
2x"
2021,35,ME FIJE,ALEX ROSE / RAUW ALEJANDRO,"23 Semanas en lista
2x"
2021,36,La Niña de la Escuela,"Lola Indigo, TINI, Belinda","26 Semanas en lista
3x"
2021,37,Blinding Lights,The Weeknd,"103 Semanas en lista
3x"
2021,38,EL MAKINON,"KAROL G, Mariah Angeliq","25 Semanas en lista
2x"
2021,39,MONTERO (Call Me By Your Name),LIL NAS X,"32 Semanas en lista
2x"
2021,40,ALOHA,MALUMA / RAUW ALEJANDRO / BEÉLE / DARELL / MAMBO KINGZ / DJ,"26 Semanas en lista
2x"
2021,41,AM,NIO GARCIA / FLOW LA MOVIE,"17 Semanas en lista
2x"
2021,42,Fulanito,Becky G & El Alfa,"28 Semanas en lista
2x"
2021,43,Nostálgico,"Rvssian, Rauw Alejandro & Chris Brown","16 Semanas en lista
2x"
2021,44,Baila Conmigo,Selena Gomez & Rauw Alejandro,"23 Semanas en lista
2x"
2021,45,La Nota,"Manuel Turizo,Rauw Alejandro, Mike Towers","38 Semanas en lista
2x"
2021,46,512,MORA / JHAY CORTEZ,"30 Semanas en lista
2x"
2021,47,TRAVESURAS,NIO GARCÍA / CASPER MÁGICO / OZUNA / WISIN & YANDEL / MYKE T,"21 Semanas en lista
2x"
2021,48,Tattoo Remix,Rauw Alejandro & Camilo,"64 Semanas en lista
2x"
2021,49,ELLA,EL BOBE / ALPEDUE,"30 Semanas en lista
2x"
2021,50,Chica Ideal,Sebastián Yatra & Guaynaa,"39 Semanas en lista
2x"
2021,51,SAL Y PERREA,SECH,"26 Semanas en lista
2x"
2021,52,NO TE ENAMORES (REMIX),MILLY / FARRUKO / NIO GARCIA / JAY WHEELER / AMENAZZY,"21 Semanas en lista
2x"
2021,53,BICHOTA,KAROL G,"27 Semanas en lista
2x"
2021,54,drivers license,Olivia Rodrigo,"24 Semanas en lista
1x"
2021,55,DIABLITA REMIX,FABBIO / OMAR MONTES / LENNIS RODRIGUEZ / CHUS SANTANA,"24 Semanas en lista
2x"
2021,56,Bad Habits,ED SHEERAN,"27 Semanas en lista
2x"
2021,57,"NICKY JAM: BZRP MUSIC SESSIONS, VOL. 41",BIZARRAP / NICKY JAM,"18 Semanas en lista
2x"
2021,58,Friday,Riton x Nightcrawlers feat Mufasa & Hypeman,"30 Semanas en lista
2x"
2021,59,Libertad,Nil Moliner,"31 Semanas en lista
2x"
2021,60,Antes,ANUEL AA / OZUNA,"18 Semanas en lista
1x"
2021,61,Stay,The Kid LAROI & Justin Bieber,"25 Semanas en lista
2x"
2021,62,Demasiadas Mujeres,C. Tangana,"37 Semanas en lista
1x"
2021,63,KESI,Camilo,"29 Semanas en lista
1x"
2021,64,RAM PAM PAM,Natti Natasha & Becky G,"25 Semanas en lista
2x"
2021,65,MILLONES,Camilo,"36 Semanas en lista
2x"
2021,66,"Peaches Ft Daniel Caesar, Giveon",Justin Bieber,"25 Semanas en lista
1x"
2021,67,BEGGIN',Måneskin,"28 Semanas en lista
2x"
2021,68,DILE (HOMENAJE),JHAY CORTEZ,"16 Semanas en lista
2x"
2021,69,EXPERIMENTO,MYKE TOWERS,"14 Semanas en lista
2x"
2021,70,Machu Picchu,Camilo & Evaluna Montaner,"20 Semanas en lista
1x"
2021,71,LOS TONTOS,C. TANGANA / KIKO VENENO,"27 Semanas en lista
1x"
2021,72,911 (REMIX),SECH / JHAY CORTEZ,"18 Semanas en lista
1x"
2021,73,Bésame ft Myke Towers,Luis Fonsi,"17 Semanas en lista
1x"
2021,74,In Da Getto,"J. Balvin, Skrillex","26 Semanas en lista
2x"
2021,75,EXPLÍCITO,MYKE TOWERS,"25 Semanas en lista
1x"
2021,76,ALMAS GEMELAS,MYKE TOWERS,"22 Semanas en lista
2x"
2021,77,"NATHY PELUSO: BZRP MUSIC SESSIONS, VOL. 36",BIZARRAP / NATHY PELUSO,"23 Semanas en lista
1x"
2021,78,PARÍS,INGRATAX,"21 Semanas en lista
2x"
2021,79,DEL MAR,OZUNA / DOJA CAT / SIA,"39 Semanas en lista
1x"
2021,80,MALBEC,DUKI / BIZARRAP,"25 Semanas en lista
1x"
2021,81,FIEL (REMIX),WISIN / JHAY CORTEZ / ANUEL AA / LOS LEGENDARIOS / MYKE TOWE,"13 Semanas en lista
1x"
2021,82,Good 4 u,Olivia Rodrigo,"26 Semanas en lista
1x"
2021,83,Reloj,Rauw Alejandro & Anuel AA,"33 Semanas en lista
1x"
2021,84,Mala Costumbre,"Manuel Turizo, Wisin & Yandel","22 Semanas en lista
1x"
2021,85,LA CURIOSIDAD,JAY WHEELER / DJ NELSON / MYKE TOWERS,"57 Semanas en lista
2x"
2021,86,ESO QUE TÚ ME DAS,Jarabe de Palo,"56 Semanas en lista
1x"
2021,87,Cancion Bonita,"Carlos Vives, Ricky Martin","28 Semanas en lista
1x"
2021,88,DESPEINADA,OZUNA / CAMILO,"39 Semanas en lista
1x"
2021,89,Polvo,Nicky Jam & Myke Towers,"24 Semanas en lista
1x"
2021,90,The Business,Tiësto,"26 Semanas en lista
1x"
2021,91,MON AMOUR,ZZOILO,"12 Semanas en lista
1x"
2021,92,ANDA SUELTA,CHEMA RIVAS / JUAN MAGAN,"19 Semanas en lista
1x"
2021,93,Beba Qué Quieres Que Haga,Omar Montes & JC El Diamante,"17 Semanas en lista
1x"
2021,94,Dance Monkey,Tones and I,"92 Semanas en lista
1x"
2021,95,Zorra,BAD GYAL,"31 Semanas en lista
1x"
2021,96,Ella,BOZA,"20 Semanas en lista
1x"
2021,97,POBLADO,J. BALVIN / KAROL G / NICKY JAM / CRISSIN / TOTOY EL FRIO /,"15 Semanas en lista
1x"
2021,98,LA FAMA,ROSALÍA feat. The Weeknd,"7 Semanas en lista
1x"
2021,99,LOCATION,"KAROL G, Anuel AA, J. Balvin","19 Semanas en lista
1x"
2021,100,PÁRTEME LA CARA,C. TANGANA / ED MAVERICK,"12 Semanas en lista
1x"
2022,1,"QUEVEDO: BZRP MUSIC SESSIONS, VOL. 52",BIZARRAP / QUEVEDO,"26 Semanas en lista
10x"
2022,2,La Bachata,Manuel Turizo,"30 Semanas en lista
7x"
2022,3,DESPECHÁ,Rosalía,"23 Semanas en lista
6x"
2022,4,TITÍ ME PREGUNTÓ,BAD BUNNY,"34 Semanas en lista
6x"
2022,5,Tacones Rojos,Sebastián Yatra,"62 Semanas en lista
5x"
2022,6,ME PORTO BONITO,BAD BUNNY / CHENCHO CORLEONE,"34 Semanas en lista
5x"
2022,7,Desesperados,RAUW ALEJANDRO / CHENCHO CORLEONE,"55 Semanas en lista
4x"
2022,8,CAYÓ LA NOCHE (REMIX),LA PANTERA / QUEVEDO / JUSEPH / CRUZ CAFUNE / ABHIR HATHI /,"48 Semanas en lista
4x"
2022,9,Te Felicito,Shakira & Rauw Alejandro,"36 Semanas en lista
4x"
2022,10,"TIAGO PZK: BZRP MUSIC SESSIONS, VOL. 48",BIZARRAP / TIAGO PZK,"53 Semanas en lista
4x"
2022,11,Mamiii,Becky G feat. KAROL G,"46 Semanas en lista
4x"
2022,12,OJITOS LINDOS,BAD BUNNY / BOMBA ESTÉREO,"34 Semanas en lista
4x"
2022,13,PROVENZA,KAROL G,"36 Semanas en lista
4x"
2022,14,Mon Amour (remix),"zzoilo, Aitana","72 Semanas en lista
3x"
2022,15,TAROT,BAD BUNNY / JHAY CORTEZ,"34 Semanas en lista
4x"
2022,16,Formentera,"Aitana, Nicki Nicole","56 Semanas en lista
3x"
2022,17,MOSCOW MULE,BAD BUNNY,"34 Semanas en lista
3x"
2022,18,MEMORIAS,MORA / JHAY CORTEZ,"39 Semanas en lista
3x"
2022,19,SIN SEÑAL,QUEVEDO / OVY ON THE DRUMS,"23 Semanas en lista
3x"
2022,20,Las 12,"Ana Mena, Belinda","28 Semanas en lista
3x"
2022,21,MI LUZ,RVFV / RELS B,"46 Semanas en lista
3x"
2022,22,LA FAMA,ROSALÍA feat. The Weeknd,"57 Semanas en lista
3x"
2022,23,UNA NOCHE EN MEDELLÍN,CRIS MJ,"41 Semanas en lista
3x"
2022,24,TIGINI,RVFV / KIKIMOTELEBA,"30 Semanas en lista
3x"
2022,25,mariposas,"sangiovanni, Aitana","30 Semanas en lista
3x"
2022,26,VISTA AL MAR,QUEVEDO,"16 Semanas en lista
3x"
2022,27,SloMo,Chanel,"33 Semanas en lista
3x"
2022,28,LA INOCENTE,MORA / FEID,"33 Semanas en lista
3x"
2022,29,Ateo,"C. Tangana, Nathy Peluso","64 Semanas en lista
2x"
2022,30,As It Was,Harry Styles,"39 Semanas en lista
3x"
2022,31,Todo De Ti,RAUW ALEJANDRO,84 Semanas en lista
2022,32,PELELE,MORAD,"30 Semanas en lista
3x"
2022,33,ULTRA SOLO,POLIMÁ WESTCOAST / PAILITA,"35 Semanas en lista
3x"
2022,34,AY MAMA,RIGOBERTA BANDINI,"38 Semanas en lista
2x"
2022,35,PIEL DE CORDERO,QUEVEDO / LA PANTERA,"37 Semanas en lista
2x"
2022,36,PEPAS,Farruko,"75 Semanas en lista
1x"
2022,37,Pantysito,"Alejo, Feid, ROBI","30 Semanas en lista
2x"
2022,38,CAILE,LUAR LA L,"21 Semanas en lista
2x"
2022,39,EFECTO,BAD BUNNY,"34 Semanas en lista
2x"
2022,40,"VILLANO ANTILLANO: BZRP MUSIC SESSIONS, VOL. 51",BIZARRAP / VILLANO ANTILLANO,"26 Semanas en lista
2x"
2022,41,Musica Ligera,Ana Mena,"36 Semanas en lista
2x"
2022,42,LA LLEVO AL CIELO,CHRIS JEDI / CHENCHO CORLEONE / ANUEL AA / ÑENGO FLOW,"24 Semanas en lista
2x"
2022,43,AHORA Y SIEMPRE,QUEVEDO / LINTON,"37 Semanas en lista
2x"
2022,44,"MORAD: BZRP MUSIC SESSIONS, VOL. 47",BIZARRAP / MORAD,"32 Semanas en lista
1x"
2022,45,Bam Bam (ft. Ed Sheeran),Camila Cabello,"43 Semanas en lista
2x"
2022,46,MAMI,RVFV / PABLO MAS,"36 Semanas en lista
2x"
2022,47,La Llama del Amor,Omar Montes & Jairo deRemache,"23 Semanas en lista
2x"
2022,48,FUERA DEL MERCADO,DANNY OCEAN,"30 Semanas en lista
2x"
2022,49,Cold Heart (Pnau Remix),"Elton John, Dua Lipa","63 Semanas en lista
2x"
2022,50,YONAGUNI,BAD BUNNY,"67 Semanas en lista
1x"
2022,51,Loco,"Justin Quiles feat. Chimbala, Zion & Lennox","73 Semanas en lista
1x"
2022,52,Tiroteo Remix,"Marc Seguí, Rauw Alejandro y Pol Granch",81 Semanas en lista
2022,53,HEY MOR,OZUNA / FEID,"12 Semanas en lista
2x"
2022,54,SIGUE,BENY JR / MORAD / K Y B,"33 Semanas en lista
2x"
2022,55,Envolver,Anitta,"37 Semanas en lista
2x"
2022,56,JORDAN,Ryan Castro,"26 Semanas en lista
2x"
2022,57,LEY SECA,JHAY CORTEZ / ANUEL AA,"48 Semanas en lista
1x"
2022,58,SHE DON T GIVE A FO,DUKI / KHEA,"59 Semanas en lista
2x"
2022,59,SI QUIEREN FRONTEAR,DUKI / DE LA GHETTO / QUEVEDO,"25 Semanas en lista
2x"
2022,60,LOKERA,RAUW ALEJANDRO / LYANNO / BRRAY,"22 Semanas en lista
2x"
2022,61,ALGODÓN DE AZÚCAR,CHEMA RIVAS,"24 Semanas en lista
2x"
2022,62,En El Coche,Aitana,"26 Semanas en lista
2x"
2022,63,DESPUÉS DE LA PLAYA,BAD BUNNY,"19 Semanas en lista
2x"
2022,64,VOLANDO (REMIX),MORA / BAD BUNNY / SECH,"46 Semanas en lista
1x"
2022,65,RUMBATÓN,Daddy Yankee,"25 Semanas en lista
2x"
2022,66,El Fin del Mundo,La La Love You feat. Axolotes Mexicanos,"47 Semanas en lista
1x"
2022,67,Demasiadas Mujeres,C. Tangana,68 Semanas en lista
2022,68,Pareja Del Año ft Myke Towers,Sebastián Yatra,73 Semanas en lista
2022,69,NEVERITA,BAD BUNNY,"34 Semanas en lista
1x"
2022,70,MIÉNTEME,TINI / MARIA BECERRA,"76 Semanas en lista
1x"
2022,71,Tú Me Dejaste De Querer,"C. Tangana feat. Niño de Elche, La Húngara",100 Semanas en lista
2022,72,Feliz Cumpleaños Ferxxo,Feid,"19 Semanas en lista
1x"
2022,73,SI TÚ TE VAS,OMAR MONTES / KHALED / KAYDY CAIN / YUNG BEEF,"19 Semanas en lista
1x"
2022,74,PUNTO G,QUEVEDO,"8 Semanas en lista
1x"
2022,75,Normal,Feid,"25 Semanas en lista
1x"
2022,76,CÚRAME,RAUW ALEJANDRO,"47 Semanas en lista
1x"
2022,77,"PAULO LONDRA: BZRP MUSIC SESSIONS, VOL. 23",BIZARRAP / PAULO LONDRA,"19 Semanas en lista
1x"
2022,78,CANDY,Rosalía,"19 Semanas en lista
1x"
2022,79,DILE (HOMENAJE),JHAY CORTEZ,"38 Semanas en lista
1x"
2022,80,INGOBERNABLE,C. TANGANA / GIPSY KINGS / NICOLAS REYES / TONINO BALIARDO,78 Semanas en lista
2022,81,FLAMENCO Y BACHATA,Daviles de Novelda,74 Semanas en lista
2022,82,Punto 40,RAUW ALEJANDRO / BABY RASTA,"14 Semanas en lista
1x"
2022,83,LA HISTORIA,EL TAIGER / DJ CONDS,61 Semanas en lista
2022,84,Besos Moja2,"Wisin & Yandel, ROSALÍA","13 Semanas en lista
1x"
2022,85,Risueña,Omar Montes & Daviles de Novelda,"24 Semanas en lista
1x"
2022,86,CÓMO DORMISTE?,RELS B,"21 Semanas en lista
1x"
2022,87,Mujeriego,Ryan Castro,"19 Semanas en lista
1x"
2022,88,La Niña de la Escuela,"Lola Indigo, TINI, Belinda",50 Semanas en lista
2022,89,PARTY,BAD BUNNY / RAUW ALEJANDRO,"15 Semanas en lista
1x"
2022,90,Nostálgico,"Rvssian, Rauw Alejandro & Chris Brown","34 Semanas en lista
1x"
2022,91,Pegao,Camilo,"27 Semanas en lista
1x"
2022,92,FELIZ,Chimbala,"20 Semanas en lista
1x"
2022,93,Another Love,Tom Odell,"19 Semanas en lista
1x"
2022,94,Monotonía,Shakira y Ozuna,"11 Semanas en lista
1x"
2022,95,La Prendo,BAD GYAL,"20 Semanas en lista
1x"
2022,96,SALIMO DE NOCHE,TIAGO PZK / TRUENO,"29 Semanas en lista
1x"
2022,97,DAKITI,BAD BUNNY / JHAY CORTEZ,80 Semanas en lista
2022,98,Nos comemos,Tiago Pzk y Ozuna,"22 Semanas en lista
1x"
2022,99,Traductor,"Tiago PZK, Myke Towers","24 Semanas en lista
1x"
2022,100,Flow 2000,BAD GYAL,"14 Semanas en lista
1x"
2023,1,"SHAKIRA: BZRP MUSIC SESSIONS, VOL. 53",BIZARRAP / SHAKIRA,"50 Semanas en lista
7x"
2023,2,El Merengue,Marshmello & Manuel Turizo,"43 Semanas en lista
7x"
2023,3,Nochentera,Vicco,"47 Semanas en lista
7x"
2023,4,La Bachata,Manuel Turizo,"82 Semanas en lista
7x"
2023,5,YANDEL 150,YANDEL / FEID,"52 Semanas en lista
6x"
2023,6,TQG,"KAROL G, Shakira","44 Semanas en lista
6x"
2023,7,Playa Del Inglés,"Quevedo, Myke Towers","55 Semanas en lista
7x"
2023,8,COLUMBIA,QUEVEDO,"25 Semanas en lista
6x"
2023,9,BESO,ROSALÍA & Rauw Alejandro,"40 Semanas en lista
6x"
2023,10,LALA,MYKE TOWERS,"27 Semanas en lista
6x"
2023,11,EL TONTO Ft . Quevedo,Lola Indigo,"37 Semanas en lista
5x"
2023,12,VAGABUNDO,Sebastián Yatra Junto a Manuel Turizo y Beéle,"33 Semanas en lista
5x"
2023,13,"QUEVEDO: BZRP MUSIC SESSIONS, VOL. 52",BIZARRAP / QUEVEDO,"78 Semanas en lista
5x"
2023,14,Flowers,Miley Cyrus,"49 Semanas en lista
5x"
2023,15,PUNTO G,QUEVEDO,"60 Semanas en lista
5x"
2023,16,MERCHO,Lil Cake & Migrantes feat. Nico Valdi,"37 Semanas en lista
4x"
2023,17,Classy 101,Feid y Young Miko,"39 Semanas en lista
4x"
2023,18,POLARIS (REMIX),SAIKO / FEID / QUEVEDO / MORA,"29 Semanas en lista
4x"
2023,19,SUPERNOVA,SAIKO,"37 Semanas en lista
4x"
2023,20,WANDA,QUEVEDO,"46 Semanas en lista
4x"
2023,21,CLAVAITO,CHANEL & ABRAHAM MATEO,"35 Semanas en lista
4x"
2023,22,Los del Espacio,LIT KILLAH / TIAGO PZK / MARIA BECERRA / DUKI / EMILIA / RUS,"30 Semanas en lista
4x"
2023,23,Cupido,Tini,"40 Semanas en lista
4x"
2023,24,HEY MOR,OZUNA / FEID,"60 Semanas en lista
4x"
2023,25,WHERE SHE GOES,BAD BUNNY,"30 Semanas en lista
4x"
2023,26,LA JUMPA,ARCANGEL / BAD BUNNY,"39 Semanas en lista
4x"
2023,27,BABY HELLO,Rauw Alejandro ft. Bizarrap,"27 Semanas en lista
4x"
2023,28,DESPECHÁ,Rosalía,"75 Semanas en lista
4x"
2023,29,Arena y Sal,"Omar Montes, Saiko & Tunvao","32 Semanas en lista
4x"
2023,30,SI NO ESTÁS,IÑIGO QUINTERO,"15 Semanas en lista
3x"
2023,31,Los Ángeles,Aitana,"39 Semanas en lista
3x"
2023,32,COCO CHANEL,ELADIO CARRION / BAD BUNNY,"31 Semanas en lista
3x"
2023,33,RARA VEZ,TAIU / MILO J,"43 Semanas en lista
3x"
2023,34,El Cielo,"Sky Rompiendo ft. Feid, Myke Towers","30 Semanas en lista
3x"
2023,35,Todo contigo,Álvaro de Luna,"40 Semanas en lista
3x"
2023,36,VISTA AL MAR,QUEVEDO,"58 Semanas en lista
3x"
2023,37,NO_SE_VE.MP3,EMILIA / LUDMILLA / ZECCA,"31 Semanas en lista
3x"
2023,38,Holanda,Jhayco,"22 Semanas en lista
3x"
2023,39,Acróstico,SHAKIRA,"25 Semanas en lista
3x"
2023,40,Coco Loco,Maluma,"29 Semanas en lista
3x"
2023,41,REINA,MORA / SAIKO,"18 Semanas en lista
3x"
2023,42,CHORRITO PA LAS ANIMAS,Feid,"35 Semanas en lista
3x"
2023,43,SIN SEÑAL,QUEVEDO / OVY ON THE DRUMS,"60 Semanas en lista
3x"
2023,44,Chulo,BAD GYAL,"33 Semanas en lista
2x"
2023,45,LA INOCENTE,MORA / FEID,"84 Semanas en lista
3x"
2023,46,LA BEBÉ REMIX,YNG LVCAS X PESO PLUMA,"25 Semanas en lista
2x"
2023,47,LLYLM,Rosalía,"22 Semanas en lista
2x"
2023,48,SI LA CALLE LLAMA,ELADIO CARRION / MYKE TOWERS,"27 Semanas en lista
2x"
2023,49,CAIRO,"KAROL G, Ovy On The Drums","33 Semanas en lista
3x"
2023,50,Feliz Cumpleaños Ferxxo,Feid,"53 Semanas en lista
3x"
2023,51,ELLA BAILA SOLA,ESLABON ARMADO / PESO PLUMA,"29 Semanas en lista
2x"
2023,52,mariposas,"sangiovanni, Aitana","68 Semanas en lista
3x"
2023,53,LAS BABYS,Aitana,"30 Semanas en lista
2x"
2023,54,Las 12,"Ana Mena, Belinda","65 Semanas en lista
3x"
2023,55,Tacones Rojos,Sebastián Yatra,"107 Semanas en lista
3x"
2023,56,"RAUW ALEJANDRO: BZRP MUSIC SESSIONS, VOL. 56",BIZARRAP / RAUW ALEJANDRO,"24 Semanas en lista
2x"
2023,57,CALM DOWN,Rema,"50 Semanas en lista
2x"
2023,58,Monotonía,Shakira y Ozuna,"42 Semanas en lista
3x"
2023,59,Besos Moja2,"Wisin & Yandel, ROSALÍA","47 Semanas en lista
3x"
2023,60,MODELITO,MORA / YOVNGCHMI,"22 Semanas en lista
2x"
2023,61,MEMORIAS,MORA / JHAY CORTEZ,"77 Semanas en lista
3x"
2023,62,YANKEE,QUEVEDO,"22 Semanas en lista
2x"
2023,63,PROVENZA,KAROL G,"79 Semanas en lista
3x"
2023,64,CORAZÓN ROTO,BRRAY,"27 Semanas en lista
2x"
2023,65,Quiero Decirte,Abraham Mateo & Ana Mena,"64 Semanas en lista
2x"
2023,66,Mami Chula,"Jhayco, Quevedo","21 Semanas en lista
2x"
2023,67,Arranca,Becky G ft. Omega,"27 Semanas en lista
2x"
2023,68,QLONA,KAROL G / PESO PLUMA,"20 Semanas en lista
2x"
2023,69,OJITOS LINDOS,BAD BUNNY / BOMBA ESTÉREO,"70 Semanas en lista
2x"
2023,70,Te Felicito,Shakira & Rauw Alejandro,"69 Semanas en lista
3x"
2023,71,AHORA QUÉ,QUEVEDO,"14 Semanas en lista
2x"
2023,72,X SI VOLVEMOS,KAROL G Junto a Romeo Santos,"20 Semanas en lista
2x"
2023,73,ME PORTO BONITO,BAD BUNNY / CHENCHO CORLEONE,"66 Semanas en lista
2x"
2023,74,MIENTRAS ME CURO DEL CORA,KAROL G,"26 Semanas en lista
2x"
2023,75,APA,MORA / QUEVEDO,"29 Semanas en lista
2x"
2023,76,Mon Amour (remix),"zzoilo, Aitana","108 Semanas en lista
2x"
2023,77,ANTES,RVFV / EDU GARCÍA,"21 Semanas en lista
2x"
2023,78,COSAS QUE NO TE DIJE,SAIKO,"21 Semanas en lista
2x"
2023,79,TITÍ ME PREGUNTÓ,BAD BUNNY,"62 Semanas en lista
2x"
2023,80,As It Was,Harry Styles,"73 Semanas en lista
2x"
2023,81,Normal,Feid,"57 Semanas en lista
2x"
2023,82,PERRO NEGRO,BAD BUNNY / FEID,"11 Semanas en lista
2x"
2023,83,LAS BRATZ (REMIX),AISSA / SAIKO / JC REYES / NICKZZY / EL BOBE / JUSEPH / GIO,"31 Semanas en lista
2x"
2023,84,LOLLIPOP,Darell,"13 Semanas en lista
2x"
2023,85,I´m Good (Blue),"David Guetta, Bebe Rexha","43 Semanas en lista
2x"
2023,86,AMARGURA,KAROL G,"30 Semanas en lista
2x"
2023,87,MI NENA REMIX,MAIKEL DELACALLE / QUEVEDO,"13 Semanas en lista
2x"
2023,88,Another Love,Tom Odell,"46 Semanas en lista
2x"
2023,89,BUENAS,QUEVEDO / SAIKO,"14 Semanas en lista
2x"
2023,90,MI LUZ,RVFV / RELS B,"68 Semanas en lista
2x"
2023,91,MARISOLA (REMIX),CRIS MJ / DUKI / NICKI NICOLE / STANDLY / STARS MUSIC CHILE,"19 Semanas en lista
2x"
2023,92,Niña Bonita,"Feid, Sean Paul","18 Semanas en lista
1x"
2023,93,DAME,QUEVEDO / OMAR MONTES,"15 Semanas en lista
1x"
2023,94,A 300,JC REYES / PEDRO CALDERON,"23 Semanas en lista
1x"
2023,95,El Fin del Mundo,La La Love You feat. Axolotes Mexicanos,"76 Semanas en lista
2x"
2023,96,ULALA,MYKE TOWERS / DADDY YANKEE,"22 Semanas en lista
2x"
2023,97,CORAZÓN VACÍO,MARIA BECERRA,"25 Semanas en lista
1x"
2023,98,Si ella supiera,India Martinez ft Melendi,"35 Semanas en lista
2x"
2023,99,Eva Longoria Feat. Davido,OZUNA,"20 Semanas en lista
1x"
2023,100,POLARIS,SAIKO / CAME BEATS,"18 Semanas en lista
1x"
2024,1,SI ANTES TE HUBIERA CONOCIDO,KAROL G,"27 Semanas en lista
8x"
2024,2,LUNA,FEID / ATL JACOB,"56 Semanas en lista
6x"
2024,3,X'CLUSIVO,GONZY,"49 Semanas en lista
5x"
2024,4,LA FALDA,MYKE TOWERS,"56 Semanas en lista
6x"
2024,5,Santa,"Rvssian, Rauw Alejandro, Arya Starr","38 Semanas en lista
5x"
2024,6,POTRA SALVAJE,ISABEL AAIÚN,"32 Semanas en lista
4x"
2024,7,GATA ONLY,FLOYYMENOR / CRIS MJ,"45 Semanas en lista
4x"
2024,8,BADGYAL,SAIKO / JC REYES / DEI V,"35 Semanas en lista
4x"
2024,9,MANOS ROTAS,DELLAFUENTE / MORAD,"58 Semanas en lista
4x"
2024,10,La Bachata,Manuel Turizo,"134 Semanas en lista
4x"
2024,11,1000COSAS,Lola Indigo Y Manuel Turizo,"42 Semanas en lista
4x"
2024,12,El Merengue,Marshmello & Manuel Turizo,"95 Semanas en lista
4x"
2024,13,COLUMBIA,QUEVEDO,"77 Semanas en lista
4x"
2024,14,LA REINA,Lola Indigo,"28 Semanas en lista
3x"
2024,15,Ohnana,KAPO,"26 Semanas en lista
3x"
2024,16,QLONA,KAROL G / PESO PLUMA,"69 Semanas en lista
3x"
2024,17,CASANOVA,SOOLKING / LOLA INDIGO / RVFV,"39 Semanas en lista
4x"
2024,18,VAGABUNDO,Sebastián Yatra Junto a Manuel Turizo y Beéle,"85 Semanas en lista
3x"
2024,19,EL CONJUNTITO,EL BOBE / OMAR MONTES,"27 Semanas en lista
3x"
2024,20,FARDOS,JC REYES / DE LA GHETTO,"30 Semanas en lista
3x"
2024,21,ADIVINO,"Myke Towers, Bad Bunny","33 Semanas en lista
3x"
2024,22,La_Original.mp3,Emilia ft. TINI,"52 Semanas en lista
3x"
2024,23,NO TE QUIEREN CONMIGO,GABY MUSIC / LUNAY / LUAR LA L,"29 Semanas en lista
3x"
2024,24,REAL GANGSTA LOVE,TRUENO,"25 Semanas en lista
3x"
2024,25,LO QUE TIENE,MORAD / BENY JR / RVFV,"42 Semanas en lista
3x"
2024,26,PERRO NEGRO,BAD BUNNY / FEID,"53 Semanas en lista
3x"
2024,27,GOTERAS,OMAR MONTES / JC REYES,"26 Semanas en lista
3x"
2024,28,Bailando Bachata,CHAYANNE,"60 Semanas en lista
3x"
2024,29,"YOUNG MIKO: BZRP MUSIC SESSIONS, VOL. 58",BIZARRAP / YOUNG MIKO,"16 Semanas en lista
2x"
2024,30,Madrid City,Ana Mena,"50 Semanas en lista
3x"
2024,31,SI NO ESTÁS,IÑIGO QUINTERO,"63 Semanas en lista
3x"
2024,32,Beautiful things,Benson Boone,"46 Semanas en lista
2x"
2024,33,AMARGURA,KAROL G,"82 Semanas en lista
2x"
2024,34,UNA FOTO REMIX,MESITA / NICKI NICOLE / TIAGO PZK / EMILIA,"24 Semanas en lista
2x"
2024,35,LALA,MYKE TOWERS,"74 Semanas en lista
2x"
2024,36,FRIKI,GONZY,"36 Semanas en lista
2x"
2024,37,EL PATIO,PEPE : VIZIO / DELAOSSA / KIDDO,"32 Semanas en lista
3x"
2024,38,LA CAPI,MYKE TOWERS,"41 Semanas en lista
2x"
2024,39,HAY LUPITA,LOMIIEL,"24 Semanas en lista
2x"
2024,40,DILUVIO,RAUW ALEJANDRO,"42 Semanas en lista
3x"
2024,41,El Fin del Mundo,La La Love You feat. Axolotes Mexicanos,"126 Semanas en lista
3x"
2024,42,Nochentera,Vicco,"86 Semanas en lista
2x"
2024,43,TQG,"KAROL G, Shakira","91 Semanas en lista
3x"
2024,44,CONTIGO,KAROL G y TIËSTO,"35 Semanas en lista
2x"
2024,45,Asi Es La Vida,Enrique Iglesias & Maria Becerra,"43 Semanas en lista
3x"
2024,46,Lose control,Teddy Swims,"44 Semanas en lista
2x"
2024,47,LUNA LLENA,BENY JR,"22 Semanas en lista
2x"
2024,48,MI LUZ,RVFV / RELS B,"120 Semanas en lista
2x"
2024,49,UWAIE,KAPO,"19 Semanas en lista
2x"
2024,50,RAPIDO,DEI V / CRIS MJ,"28 Semanas en lista
2x"
2024,51,M.A.I,MILO J,"15 Semanas en lista
2x"
2024,52,DESPECHÁ,Rosalía,"119 Semanas en lista
2x"
2024,53,UNA BACHATA,"Lola Indigo, Saiko","27 Semanas en lista
2x"
2024,54,BBY BOO (REMIX),"iZaak, Jhayco, Anuel AA","18 Semanas en lista
2x"
2024,55,EL TONTO Ft . Quevedo,Lola Indigo,"76 Semanas en lista
2x"
2024,56,COMO CAMARON,Estopa,"54 Semanas en lista
3x"
2024,57,TU$$I,YOVNGCHIMI / DEI V,"29 Semanas en lista
2x"
2024,58,LA SEVILLANA,OMAR MONTES,"18 Semanas en lista
2x"
2024,59,YO LO SOÑÉ,SAIKO / OMAR MONTES,"19 Semanas en lista
2x"
2024,60,DIABÓLICA,CRIS MJ / DEI V,"26 Semanas en lista
2x"
2024,61,Q U E V A S H A C E R H O Y ?,OMAR COURTZ / DE LA ROSE,"14 Semanas en lista
2x"
2024,62,POLARIS (REMIX),SAIKO / FEID / QUEVEDO / MORA,"55 Semanas en lista
2x"
2024,63,A 300,JC REYES / PEDRO CALDERON,"42 Semanas en lista
3x"
2024,64,MODELITO,MORA / YOVNGCHMI,"46 Semanas en lista
2x"
2024,65,BABY HELLO,Rauw Alejandro ft. Bizarrap,"46 Semanas en lista
2x"
2024,66,NARCOTICS,DEI V / BRYANT MYERS,"34 Semanas en lista
2x"
2024,67,PELIGROSA,FLOYYMENOR,"22 Semanas en lista
2x"
2024,68,REINA,MORA / SAIKO,"35 Semanas en lista
2x"
2024,69,DURO DE VERDAD PT.2,LOS SUFRIDOS / BAD GYAL,"15 Semanas en lista
2x"
2024,70,Salitre,"Manuel Carrasco, Camilo","35 Semanas en lista
2x"
2024,71,EL PANTALON (RUMBAS),OMAR MONTES / LOLA INDIGO / LAS CHUCHES,"17 Semanas en lista
2x"
2024,72,TU SILUETA,DIEGOTE,"18 Semanas en lista
2x"
2024,73,NO_SE_VE.MP3,EMILIA / LUDMILLA / ZECCA,"49 Semanas en lista
2x"
2024,74,TRENDING REMIX,DEI V / MYKE TOWERS,"20 Semanas en lista
2x"
2024,75,"QUEVEDO: BZRP MUSIC SESSIONS, VOL. 52",BIZARRAP / QUEVEDO,"109 Semanas en lista
2x"
2024,76,COSAS QUE NO TE DIJE,SAIKO,"38 Semanas en lista
2x"
2024,77,PROVENZA,KAROL G,"100 Semanas en lista
2x"
2024,78,CLAVAITO,CHANEL & ABRAHAM MATEO,"61 Semanas en lista
2x"
2024,79,Flowers,Miley Cyrus,"75 Semanas en lista
2x"
2024,80,Crush,"Sky Rompiendo, Dei V & Arcangel","23 Semanas en lista
2x"
2024,81,OA,ANUEL AA / QUEVEDO / MALUMA / MAMBO KINGZ / DJ LUIAN,"28 Semanas en lista
2x"
2024,82,MARTINI,DEI V,"35 Semanas en lista
1x"
2024,83,LA RANGER,THE ACADEMY: SEGUNDA MISIÓN / MYKE TOWERS / SECH / JUSTIN QU,"16 Semanas en lista
1x"
2024,84,Classy 101,Feid y Young Miko,"61 Semanas en lista
2x"
2024,85,Los del Espacio,LIT KILLAH / TIAGO PZK / MARIA BECERRA / DUKI / EMILIA / RUS,"46 Semanas en lista
2x"
2024,86,DEGENERE,MYKE TOWERS / BENNY BLANCO,"10 Semanas en lista
1x"
2024,87,Holanda,Jhayco,"37 Semanas en lista
1x"
2024,88,Espresso,Sabrina Carpenter,"29 Semanas en lista
1x"
2024,89,ALGO SENCILLITO,MARTA SANTOS,"13 Semanas en lista
2x"
2024,90,El Principio de algo,La La Love You & Samuraï,"23 Semanas en lista
1x"
2024,91,Según Quién,Maluma ft. Carin Leon,"33 Semanas en lista
2x"
2024,92,LA SALVACIÓN,ARDE BOGOTÁ,"17 Semanas en lista
2x"
2024,93,CUANDO TE VI / CROSSOVER #5,BIG ONE / MARIA BECERRA / TRUENO,"20 Semanas en lista
1x"
2024,94,ROSAS,La Oreja De Van Gogh,"19 Semanas en lista
2x"
2024,95,LA ÚLTIMA,QUEVEDO,"10 Semanas en lista
1x"
2024,96,MI EX TENÍA RAZÓN,KAROL G,"32 Semanas en lista
1x"
2024,97,GUAY,OZUNA / BAD GYAL,"17 Semanas en lista
1x"
2024,98,Todo contigo,Álvaro de Luna,"59 Semanas en lista
2x"
2024,99,BUSCANDO MONEY,TAYSON KRYSS / TWENTY SIX,"13 Semanas en lista
1x"
2024,100,LA VIDA SIN TI,RELS B / LIA KALI,"13 Semanas en lista
1x"
